{
  "created_at": "2026-04-04T17:09:54.791491",
  "feature_names": [
    "close",
    "volume",
    "rsi_14",
    "macd",
    "macd_signal",
    "macd_histogram",
    "stoch_k",
    "stoch_d",
    "atr_14",
    "bb_upper",
    "bb_lower",
    "bb_position",
    "atr_ratio",
    "ema_20",
    "ema_50",
    "volume_ratio",
    "volume_ema",
    "cmf_20",
    "cci_20",
    "channel_position",
    "adx_14",
    "plus_di_14",
    "minus_di_14",
    "close_lag_1",
    "close_lag_2",
    "close_lag_3",
    "close_lag_10",
    "volume_lag_1",
    "volume_lag_2",
    "volume_lag_3",
    "rsi_lag_1",
    "macd_lag_1",
    "close_ma_10",
    "close_ma_20",
    "close_std_5",
    "close_std_10",
    "close_std_20",
    "rsi_x_atr",
    "macd_x_volume",
    "bb_position_x_volume_ratio",
    "close_x_atr",
    "volume_x_bb_position",
    "hour",
    "day_of_week",
    "williams_r_14",
    "is_europe_session",
    "hour_cos",
    "day_sin",
    "day_cos"
  ],
  "training_samples": 34970,
  "model_metrics": {
    "lightgbm": {
      "accuracy": 0.5958825772016775,
      "f1_score": 0.5968816134164803,
      "precision": 0.5979465098195245,
      "recall": 0.5958825772016775,
      "cv_f1_mean": 0.5493110870772594,
      "cv_f1_std": 0.041434828058079735,
      "confidence_mean": 0.5881083165176721,
      "confidence_std": 0.08613660028103005,
      "confidence_min": 0.5000345738743867,
      "confidence_max": 0.9393645507314622
    },
    "xgboost": {
      "accuracy": 0.5335493709492947,
      "f1_score": 0.5429813582937729,
      "precision": 0.5984916238425758,
      "recall": 0.5335493709492947,
      "cv_f1_mean": 0.5224315447106684,
      "cv_f1_std": 0.0565516684388099,
      "confidence_mean": 0.6658216118812561,
      "confidence_std": 0.11383292078971863,
      "confidence_min": 0.5000657439231873,
      "confidence_max": 0.9900888204574585
    },
    "random_forest": {
      "accuracy": 0.5203964925657644,
      "f1_score": 0.5264467163997143,
      "precision": 0.6030162277631086,
      "recall": 0.5203964925657644,
      "cv_f1_mean": 0.5260429651111578,
      "cv_f1_std": 0.071190882950746,
      "confidence_mean": 0.600238600085091,
      "confidence_std": 0.0737172584536117,
      "confidence_min": 0.5000274341085256,
      "confidence_max": 0.8925958327976276
    }
  },
  "model_files": {
    "lightgbm": "models/training/lightgbm_model.pkl",
    "xgboost": "models/training/xgboost_model.pkl",
    "random_forest": "models/training/random_forest_model.pkl",
    "production_ensemble": "models/production/ensemble_basic.pkl"
  },
  "config_path": "config/core/thresholds.yaml",
  "phase": "Phase 51.9",
  "notes": "Phase 51.9完了・真の3クラス分類実装（multiclass params追加）・6戦略統合（ATRBased/DonchianChannel/ADXTrendStrength/BBReversal/StochasticReversal/MACDEMACrossover）・実戦略信号学習（訓練時と推論時の一貫性確保）・55特徴量・閾値0.5%・CV n_splits=5・Early Stopping・SMOTE・Optuna最適化・個別モデル学習結果"
}