{
  "created_at": "2025-09-04T05:57:55.212425",
  "feature_names": [
    "close",
    "volume",
    "returns_1",
    "rsi_14",
    "macd",
    "macd_signal",
    "atr_14",
    "bb_position",
    "ema_20",
    "ema_50",
    "volume_ratio",
    "zscore"
  ],
  "training_samples": 1080,
  "model_metrics": {
    "lightgbm": {
      "accuracy": 0.937962962962963,
      "f1_score": 0.9373879952179727,
      "precision": 0.9394404186795492,
      "recall": 0.937962962962963,
      "cv_f1_mean": 0.5172504618163675,
      "cv_f1_std": 0.05379598365007286
    },
    "xgboost": {
      "accuracy": 0.9916666666666667,
      "f1_score": 0.9916546749027567,
      "precision": 0.9917301099122718,
      "recall": 0.9916666666666667,
      "cv_f1_mean": 0.5228847626906779,
      "cv_f1_std": 0.03599226081703108
    },
    "random_forest": {
      "accuracy": 0.924074074074074,
      "f1_score": 0.9223117745598527,
      "precision": 0.9325678338638775,
      "recall": 0.924074074074074,
      "cv_f1_mean": 0.5060078535919214,
      "cv_f1_std": 0.05567438524446698
    }
  },
  "model_files": {
    "lightgbm": "models/training/lightgbm_model.pkl",
    "xgboost": "models/training/xgboost_model.pkl",
    "random_forest": "models/training/random_forest_model.pkl",
    "production_ensemble": "models/production/production_ensemble.pkl"
  },
  "config_path": "config/core/unified.yaml",
  "phase": "Phase 19",
  "notes": "Phase 19統合・12特徴量最適化・個別モデル学習結果"
}