{
  "created_at": "2025-09-11T17:10:29.411437",
  "feature_names": [
    "close",
    "volume",
    "rsi_14",
    "macd",
    "atr_14",
    "bb_position",
    "ema_20",
    "ema_50",
    "volume_ratio",
    "donchian_high_20",
    "donchian_low_20",
    "channel_position",
    "adx_14",
    "plus_di_14",
    "minus_di_14"
  ],
  "training_samples": 1080,
  "model_metrics": {
    "lightgbm": {
      "accuracy": 0.8861111111111111,
      "f1_score": 0.8838662183839849,
      "precision": 0.8900919540229885,
      "recall": 0.8861111111111111,
      "cv_f1_mean": 0.4965701667227566,
      "cv_f1_std": 0.042054866300830065
    },
    "xgboost": {
      "accuracy": 0.9675925925925926,
      "f1_score": 0.9673730877187773,
      "precision": 0.968647748138696,
      "recall": 0.9675925925925926,
      "cv_f1_mean": 0.5145364373686379,
      "cv_f1_std": 0.04321521770829551
    },
    "random_forest": {
      "accuracy": 0.9037037037037037,
      "f1_score": 0.9005556313005071,
      "precision": 0.9169158604514805,
      "recall": 0.9037037037037037,
      "cv_f1_mean": 0.5290472847124464,
      "cv_f1_std": 0.037493082204709934
    }
  },
  "model_files": {
    "lightgbm": "models/training/lightgbm_model.pkl",
    "xgboost": "models/training/xgboost_model.pkl",
    "random_forest": "models/training/random_forest_model.pkl",
    "production_ensemble": "models/production/production_ensemble.pkl"
  },
  "config_path": "config/core/unified.yaml",
  "phase": "Phase 19",
  "notes": "Phase 19統合・15特徴量最適化・個別モデル学習結果"
}