{
  "created_at": "2026-05-17T12:40:51.286572",
  "feature_names": [
    "close",
    "volume",
    "rsi_14",
    "macd",
    "atr_14",
    "bb_position",
    "ema_20",
    "ema_50",
    "volume_ratio",
    "volume_ema",
    "channel_position",
    "adx_14",
    "plus_di_14",
    "minus_di_14",
    "returns_1",
    "returns_2",
    "returns_3",
    "returns_10",
    "volume_lag_1",
    "volume_lag_2",
    "volume_lag_3",
    "rsi_lag_1",
    "macd_lag_1",
    "close_ma_10",
    "close_ma_20",
    "close_std_5",
    "close_std_10",
    "close_std_20",
    "rsi_x_atr",
    "macd_x_volume",
    "bb_position_x_volume_ratio",
    "close_x_atr",
    "volume_x_bb_position",
    "hour",
    "day_of_week",
    "hour_cos",
    "day_sin",
    "funding_rate_8h_avg",
    "fear_greed_index",
    "ofi_top5",
    "bid_ask_imbalance",
    "depth_ratio",
    "btc_dominance_change",
    "usdjpy_change",
    "nikkei_change_proxy",
    "btc_realized_vol_24h",
    "btc_funding_premium",
    "vpin",
    "vpin_ma20",
    "vpin_change",
    "hmm_state_bear_prob",
    "hmm_state_bull_prob",
    "eth_btc_price_ratio",
    "eth_btc_corr_24h",
    "eth_returns_15m"
  ],
  "training_samples": 35049,
  "model_metrics": {
    "lightgbm": {
      "accuracy": 0.4872575123621149,
      "f1_score": 0.4856273904214341,
      "precision": 0.5970198966913032,
      "recall": 0.5863697770053341,
      "cv_f1_mean": 0.5458156335804893,
      "cv_f1_std": 0.032458526682627796,
      "confidence_mean": 0.5508532693063395,
      "confidence_std": 0.02615826945535953,
      "confidence_min": 0.5000844326482078,
      "confidence_max": 0.6010270699272151
    },
    "xgboost": {
      "accuracy": 0.3674400912894637,
      "f1_score": 0.336238209457454,
      "precision": 0.5380451196576981,
      "recall": 0.5158457030398431,
      "cv_f1_mean": 0.45855354404022136,
      "cv_f1_std": 0.03287815447684304,
      "confidence_mean": 0.6807419657707214,
      "confidence_std": 0.09361106157302856,
      "confidence_min": 0.5001198649406433,
      "confidence_max": 0.8690392971038818
    },
    "random_forest": {
      "accuracy": 0.4497907949790795,
      "f1_score": 0.44235904863660847,
      "precision": 0.5916116839105774,
      "recall": 0.5681001644282673,
      "cv_f1_mean": 0.5300983647698857,
      "cv_f1_std": 0.02494951222178788,
      "confidence_mean": 0.6446983711567097,
      "confidence_std": 0.08170938664619407,
      "confidence_min": 0.500018245537872,
      "confidence_max": 0.8860518601954203
    },
    "nbeats": {
      "accuracy": 0.5327120578166603,
      "f1_score": 0.5237065112658295,
      "precision": 0.5497559274755928,
      "recall": 0.5569732335905417,
      "cv_f1_mean": 0.5144075203204317,
      "cv_f1_std": 0.017477401258722068,
      "confidence_mean": 0.7977756261825562,
      "confidence_std": 0.14921405911445618,
      "confidence_min": 0.5000811815261841,
      "confidence_max": 0.9999246597290039
    }
  },
  "model_files": {
    "lightgbm": "models/training/lightgbm_model.pkl",
    "xgboost": "models/training/xgboost_model.pkl",
    "random_forest": "models/training/random_forest_model.pkl",
    "nbeats": "models/training/nbeats_model.pkl",
    "production_ensemble": "models/production/ensemble_full.pkl"
  },
  "config_path": "config/core/thresholds.yaml",
  "phase": "Phase 89-γ",
  "notes": "Phase 89-δ完了・55特徴量（funding/sentiment/microstructure/macro_lite/microstructure_advanced/cross_asset 6 カテゴリ追加）・メタラベリング・閾値0.5%・CV (PurgedKFold embargo)・Early Stopping・SMOTE・Optuna最適化（LGB/XGB/RF）・N-BEATS 統合（4モデルensemble・重み 0.34/0.34/0.17/0.15）"
}