{
  "created_at": "2026-07-19T10:49:06.143134",
  "feature_names": [
    "close",
    "volume",
    "rsi_14",
    "macd",
    "atr_14",
    "bb_position",
    "ema_20",
    "ema_50",
    "volume_ratio",
    "volume_ema",
    "channel_position",
    "adx_14",
    "plus_di_14",
    "minus_di_14",
    "returns_1",
    "returns_2",
    "returns_3",
    "returns_10",
    "volume_lag_1",
    "volume_lag_2",
    "volume_lag_3",
    "rsi_lag_1",
    "macd_lag_1",
    "close_ma_10",
    "close_ma_20",
    "close_std_5",
    "close_std_10",
    "close_std_20",
    "rsi_x_atr",
    "macd_x_volume",
    "bb_position_x_volume_ratio",
    "close_x_atr",
    "volume_x_bb_position",
    "hour",
    "day_of_week",
    "hour_cos",
    "day_sin",
    "funding_rate_8h_avg",
    "fear_greed_index",
    "ofi_top5",
    "bid_ask_imbalance",
    "depth_ratio",
    "btc_dominance_change",
    "usdjpy_change",
    "nikkei_change_proxy",
    "btc_realized_vol_24h",
    "btc_funding_premium",
    "vpin",
    "vpin_ma20",
    "vpin_change",
    "hmm_state_bear_prob",
    "hmm_state_bull_prob",
    "eth_btc_price_ratio",
    "eth_btc_corr_24h",
    "eth_returns_15m"
  ],
  "training_samples": 35040,
  "model_metrics": {
    "lightgbm": {
      "accuracy": 0.5837138508371386,
      "f1_score": 0.5515307994299591,
      "precision": 0.556248846235779,
      "recall": 0.5647517059834292,
      "cv_f1_mean": 0.5423596373737716,
      "cv_f1_std": 0.02320679914290803,
      "confidence_mean": 0.6086556913285692,
      "confidence_std": 0.07782933502015313,
      "confidence_min": 0.5000284771680952,
      "confidence_max": 0.8224375645127158
    },
    "xgboost": {
      "accuracy": 0.3213470319634703,
      "f1_score": 0.25949828532269803,
      "precision": 0.6274680603948897,
      "recall": 0.5100996536652975,
      "cv_f1_mean": 0.3766272743098482,
      "cv_f1_std": 0.040404198206830874,
      "confidence_mean": 0.6675615906715393,
      "confidence_std": 0.06995877623558044,
      "confidence_min": 0.5000096559524536,
      "confidence_max": 0.7767981886863708
    },
    "random_forest": {
      "accuracy": 0.5146499238964992,
      "f1_score": 0.5131575980484266,
      "precision": 0.5740377015243712,
      "recall": 0.5804519682352983,
      "cv_f1_mean": 0.5166852396760196,
      "cv_f1_std": 0.023064745685501948,
      "confidence_mean": 0.6026041509950268,
      "confidence_std": 0.06700238117841992,
      "confidence_min": 0.5000281405537293,
      "confidence_max": 0.7911985605932558
    },
    "nbeats": {
      "accuracy": 0.463089802130898,
      "f1_score": 0.4626864893062076,
      "precision": 0.5310867923655691,
      "recall": 0.5325316550395252,
      "cv_f1_mean": 0.5273451902849665,
      "cv_f1_std": 0.011303096082634282,
      "confidence_mean": 0.7850639224052429,
      "confidence_std": 0.14232465624809265,
      "confidence_min": 0.5000230073928833,
      "confidence_max": 0.999848484992981
    }
  },
  "model_files": {
    "lightgbm": "models/training/lightgbm_model.pkl",
    "xgboost": "models/training/xgboost_model.pkl",
    "random_forest": "models/training/random_forest_model.pkl",
    "nbeats": "models/training/nbeats_model.pkl",
    "production_ensemble": "models/production/ensemble_full.pkl"
  },
  "config_path": "config/core/thresholds.yaml",
  "phase": "Phase 89-γ",
  "notes": "Phase 89-δ完了・55特徴量（funding/sentiment/microstructure/macro_lite/microstructure_advanced/cross_asset 6 カテゴリ追加）・メタラベリング・閾値0.5%・CV (PurgedKFold embargo)・Early Stopping・SMOTE・Optuna最適化（LGB/XGB/RF）・N-BEATS 統合（4モデルensemble・重み 0.34/0.34/0.17/0.15）"
}