{
  "created_at": "2026-04-05T18:53:41.707253",
  "feature_names": [
    "close",
    "volume",
    "rsi_14",
    "macd",
    "atr_14",
    "bb_position",
    "ema_20",
    "ema_50",
    "volume_ratio",
    "volume_ema",
    "channel_position",
    "adx_14",
    "plus_di_14",
    "minus_di_14",
    "returns_1",
    "returns_2",
    "returns_3",
    "returns_10",
    "volume_lag_1",
    "volume_lag_2",
    "volume_lag_3",
    "rsi_lag_1",
    "macd_lag_1",
    "close_ma_10",
    "close_ma_20",
    "close_std_5",
    "close_std_10",
    "close_std_20",
    "rsi_x_atr",
    "macd_x_volume",
    "bb_position_x_volume_ratio",
    "close_x_atr",
    "volume_x_bb_position",
    "hour",
    "day_of_week",
    "hour_cos",
    "day_sin"
  ],
  "training_samples": 34970,
  "model_metrics": {
    "lightgbm": {
      "accuracy": 0.580442241707968,
      "f1_score": 0.5765851033132201,
      "precision": 0.573405081281827,
      "recall": 0.580442241707968,
      "cv_f1_mean": 0.5559128431365372,
      "cv_f1_std": 0.03143020042050665,
      "confidence_mean": 0.5866450585046847,
      "confidence_std": 0.08710488055604772,
      "confidence_min": 0.5000016266145825,
      "confidence_max": 0.924567897707359
    },
    "xgboost": {
      "accuracy": 0.5362180709111705,
      "f1_score": 0.5467246614214281,
      "precision": 0.5912759963498092,
      "recall": 0.5362180709111705,
      "cv_f1_mean": 0.5308082424041611,
      "cv_f1_std": 0.06820852769473655,
      "confidence_mean": 0.6626145243644714,
      "confidence_std": 0.11134478449821472,
      "confidence_min": 0.5000349283218384,
      "confidence_max": 0.9901964068412781
    },
    "random_forest": {
      "accuracy": 0.520777735417461,
      "f1_score": 0.5258804959978873,
      "precision": 0.6073320822687103,
      "recall": 0.520777735417461,
      "cv_f1_mean": 0.5242798349952787,
      "cv_f1_std": 0.07219558135469933,
      "confidence_mean": 0.6054774553634553,
      "confidence_std": 0.0730903820770961,
      "confidence_min": 0.5000971962378185,
      "confidence_max": 0.8633202244691276
    }
  },
  "model_files": {
    "lightgbm": "models/training/lightgbm_model.pkl",
    "xgboost": "models/training/xgboost_model.pkl",
    "random_forest": "models/training/random_forest_model.pkl",
    "production_ensemble": "models/production/ensemble_basic.pkl"
  },
  "config_path": "config/core/thresholds.yaml",
  "phase": "Phase 51.9",
  "notes": "Phase 51.9完了・真の3クラス分類実装（multiclass params追加）・6戦略統合（ATRBased/DonchianChannel/ADXTrendStrength/BBReversal/StochasticReversal/MACDEMACrossover）・実戦略信号学習（訓練時と推論時の一貫性確保）・55特徴量・閾値0.5%・CV n_splits=5・Early Stopping・SMOTE・Optuna最適化・個別モデル学習結果"
}