{
  "created_at": "2026-03-28T07:19:45.522536",
  "feature_names": [
    "close",
    "volume",
    "rsi_14",
    "macd",
    "macd_signal",
    "macd_histogram",
    "stoch_k",
    "stoch_d",
    "atr_14",
    "bb_upper",
    "bb_lower",
    "bb_position",
    "atr_ratio",
    "ema_20",
    "ema_50",
    "volume_ratio",
    "volume_ema",
    "cmf_20",
    "cci_20",
    "channel_position",
    "adx_14",
    "plus_di_14",
    "minus_di_14",
    "close_lag_1",
    "close_lag_2",
    "close_lag_3",
    "close_lag_10",
    "volume_lag_1",
    "volume_lag_2",
    "volume_lag_3",
    "rsi_lag_1",
    "macd_lag_1",
    "close_ma_10",
    "close_ma_20",
    "close_std_5",
    "close_std_10",
    "close_std_20",
    "rsi_x_atr",
    "macd_x_volume",
    "bb_position_x_volume_ratio",
    "close_x_atr",
    "volume_x_bb_position",
    "hour",
    "day_of_week",
    "williams_r_14",
    "is_europe_session",
    "hour_cos",
    "day_sin",
    "day_cos"
  ],
  "training_samples": 17628,
  "model_metrics": {
    "lightgbm": {
      "accuracy": 0.6483931947069943,
      "f1_score": 0.6052119617147284,
      "precision": 0.6013867307572361,
      "recall": 0.6483931947069943,
      "cv_f1_mean": 0.5870969053301069,
      "cv_f1_std": 0.025083361919740227,
      "confidence_mean": 0.6310407701865477,
      "confidence_std": 0.09011500577540067,
      "confidence_min": 0.5003771114411409,
      "confidence_max": 0.9016526464688873
    },
    "xgboost": {
      "accuracy": 0.589413988657845,
      "f1_score": 0.5952629589050451,
      "precision": 0.6030801993511885,
      "recall": 0.589413988657845,
      "cv_f1_mean": 0.561889190923506,
      "cv_f1_std": 0.03910282092772513,
      "confidence_mean": 0.6618869304656982,
      "confidence_std": 0.11451823264360428,
      "confidence_min": 0.5000858306884766,
      "confidence_max": 0.9712866544723511
    },
    "random_forest": {
      "accuracy": 0.610586011342155,
      "f1_score": 0.6123661161814569,
      "precision": 0.6143141411840317,
      "recall": 0.610586011342155,
      "cv_f1_mean": 0.5430653290401224,
      "cv_f1_std": 0.0696204008336879,
      "confidence_mean": 0.557487139895355,
      "confidence_std": 0.04094527726106049,
      "confidence_min": 0.5000012558757421,
      "confidence_max": 0.7304920862156095
    }
  },
  "model_files": {
    "lightgbm": "models/training/lightgbm_model.pkl",
    "xgboost": "models/training/xgboost_model.pkl",
    "random_forest": "models/training/random_forest_model.pkl",
    "production_ensemble": "models/production/ensemble_basic.pkl"
  },
  "config_path": "config/core/thresholds.yaml",
  "phase": "Phase 51.9",
  "notes": "Phase 51.9完了・真の3クラス分類実装（multiclass params追加）・6戦略統合（ATRBased/DonchianChannel/ADXTrendStrength/BBReversal/StochasticReversal/MACDEMACrossover）・実戦略信号学習（訓練時と推論時の一貫性確保）・55特徴量・閾値0.5%・CV n_splits=5・Early Stopping・SMOTE・Optuna最適化・個別モデル学習結果"
}