{
  "created_at": "2026-04-06T06:36:51.767255",
  "feature_names": [
    "close",
    "volume",
    "rsi_14",
    "macd",
    "atr_14",
    "bb_position",
    "ema_20",
    "ema_50",
    "volume_ratio",
    "volume_ema",
    "channel_position",
    "adx_14",
    "plus_di_14",
    "minus_di_14",
    "returns_1",
    "returns_2",
    "returns_3",
    "returns_10",
    "volume_lag_1",
    "volume_lag_2",
    "volume_lag_3",
    "rsi_lag_1",
    "macd_lag_1",
    "close_ma_10",
    "close_ma_20",
    "close_std_5",
    "close_std_10",
    "close_std_20",
    "rsi_x_atr",
    "macd_x_volume",
    "bb_position_x_volume_ratio",
    "close_x_atr",
    "volume_x_bb_position",
    "hour",
    "day_of_week",
    "hour_cos",
    "day_sin"
  ],
  "training_samples": 34970,
  "model_metrics": {
    "lightgbm": {
      "accuracy": 0.5874952344643538,
      "f1_score": 0.5915242736291477,
      "precision": 0.5968091267180562,
      "recall": 0.5874952344643538,
      "cv_f1_mean": 0.5140708662812636,
      "cv_f1_std": 0.08718605809959441,
      "confidence_mean": 0.5668464001399873,
      "confidence_std": 0.06884527107849876,
      "confidence_min": 0.5000098147971537,
      "confidence_max": 0.849797289560621
    },
    "xgboost": {
      "accuracy": 0.46683187190240183,
      "f1_score": 0.43414750036460587,
      "precision": 0.6417644743717902,
      "recall": 0.46683187190240183,
      "cv_f1_mean": 0.4837463104373003,
      "cv_f1_std": 0.09201980458273801,
      "confidence_mean": 0.6250913143157959,
      "confidence_std": 0.06746336817741394,
      "confidence_min": 0.5000720620155334,
      "confidence_max": 0.8528013229370117
    },
    "random_forest": {
      "accuracy": 0.5272588638963019,
      "f1_score": 0.5355249054950793,
      "precision": 0.5995872401138002,
      "recall": 0.5272588638963019,
      "cv_f1_mean": 0.5123770089910775,
      "cv_f1_std": 0.08444185051238293,
      "confidence_mean": 0.5899890786574737,
      "confidence_std": 0.07603917003070276,
      "confidence_min": 0.5000170883759298,
      "confidence_max": 0.8894294806014281
    }
  },
  "model_files": {
    "lightgbm": "models/training/lightgbm_model.pkl",
    "xgboost": "models/training/xgboost_model.pkl",
    "random_forest": "models/training/random_forest_model.pkl",
    "production_ensemble": "models/production/ensemble_full.pkl"
  },
  "config_path": "config/core/thresholds.yaml",
  "phase": "Phase 51.9",
  "notes": "Phase 77完了・37特徴量（SHAP最適化）・メタラベリング・閾値0.5%・CV n_splits=5・Early Stopping・SMOTE・Optuna最適化・個別モデル学習結果"
}