{
  "created_at": "2026-03-31T04:50:07.974015",
  "feature_names": [
    "close",
    "volume",
    "rsi_14",
    "macd",
    "macd_signal",
    "macd_histogram",
    "stoch_k",
    "stoch_d",
    "atr_14",
    "bb_upper",
    "bb_lower",
    "bb_position",
    "atr_ratio",
    "ema_20",
    "ema_50",
    "volume_ratio",
    "volume_ema",
    "cmf_20",
    "cci_20",
    "channel_position",
    "adx_14",
    "plus_di_14",
    "minus_di_14",
    "close_lag_1",
    "close_lag_2",
    "close_lag_3",
    "close_lag_10",
    "volume_lag_1",
    "volume_lag_2",
    "volume_lag_3",
    "rsi_lag_1",
    "macd_lag_1",
    "close_ma_10",
    "close_ma_20",
    "close_std_5",
    "close_std_10",
    "close_std_20",
    "rsi_x_atr",
    "macd_x_volume",
    "bb_position_x_volume_ratio",
    "close_x_atr",
    "volume_x_bb_position",
    "hour",
    "day_of_week",
    "williams_r_14",
    "is_europe_session",
    "hour_cos",
    "day_sin",
    "day_cos"
  ],
  "training_samples": 34970,
  "model_metrics": {
    "lightgbm": {
      "accuracy": 0.5745329775066718,
      "f1_score": 0.5751011503577361,
      "precision": 0.5757643460213233,
      "recall": 0.5745329775066718,
      "cv_f1_mean": 0.5469770219108605,
      "cv_f1_std": 0.023074759745201727,
      "confidence_mean": 0.574773066920232,
      "confidence_std": 0.05891339208631236,
      "confidence_min": 0.5000009958155132,
      "confidence_max": 0.7756211483798306
    },
    "xgboost": {
      "accuracy": 0.5566145634769348,
      "f1_score": 0.5510151658442807,
      "precision": 0.598362350892511,
      "recall": 0.5566145634769348,
      "cv_f1_mean": 0.5108175942656105,
      "cv_f1_std": 0.05040119452736341,
      "confidence_mean": 0.5718345046043396,
      "confidence_std": 0.05031471326947212,
      "confidence_min": 0.500029981136322,
      "confidence_max": 0.7658560872077942
    },
    "random_forest": {
      "accuracy": 0.5758673274876096,
      "f1_score": 0.5780976885853316,
      "precision": 0.5917097015135573,
      "recall": 0.5758673274876096,
      "cv_f1_mean": 0.5316672532598121,
      "cv_f1_std": 0.020153291367436616,
      "confidence_mean": 0.5915698209320454,
      "confidence_std": 0.07167763178666883,
      "confidence_min": 0.5000075688211083,
      "confidence_max": 0.917181515154624
    }
  },
  "model_files": {
    "lightgbm": "models/training/lightgbm_model.pkl",
    "xgboost": "models/training/xgboost_model.pkl",
    "random_forest": "models/training/random_forest_model.pkl",
    "production_ensemble": "models/production/ensemble_basic.pkl"
  },
  "config_path": "config/core/thresholds.yaml",
  "phase": "Phase 51.9",
  "notes": "Phase 51.9完了・真の3クラス分類実装（multiclass params追加）・6戦略統合（ATRBased/DonchianChannel/ADXTrendStrength/BBReversal/StochasticReversal/MACDEMACrossover）・実戦略信号学習（訓練時と推論時の一貫性確保）・55特徴量・閾値0.5%・CV n_splits=5・Early Stopping・SMOTE・Optuna最適化・個別モデル学習結果"
}