{
  "created_at": "2026-03-20T06:20:19.257513",
  "feature_names": [
    "close",
    "volume",
    "rsi_14",
    "macd",
    "macd_signal",
    "macd_histogram",
    "stoch_k",
    "stoch_d",
    "atr_14",
    "bb_upper",
    "bb_lower",
    "bb_position",
    "atr_ratio",
    "ema_20",
    "ema_50",
    "volume_ratio",
    "volume_ema",
    "donchian_high_20",
    "donchian_low_20",
    "channel_position",
    "adx_14",
    "plus_di_14",
    "minus_di_14",
    "close_lag_1",
    "close_lag_2",
    "close_lag_3",
    "close_lag_10",
    "volume_lag_1",
    "volume_lag_2",
    "volume_lag_3",
    "rsi_lag_1",
    "macd_lag_1",
    "close_ma_10",
    "close_ma_20",
    "close_std_5",
    "close_std_10",
    "close_std_20",
    "rsi_x_atr",
    "macd_x_volume",
    "bb_position_x_volume_ratio",
    "close_x_atr",
    "volume_x_bb_position",
    "hour",
    "day_of_week",
    "is_market_open_hour",
    "is_europe_session",
    "hour_cos",
    "day_sin",
    "day_cos"
  ],
  "training_samples": 17628,
  "model_metrics": {
    "lightgbm": {
      "accuracy": 0.4563327032136106,
      "f1_score": 0.4523303448312537,
      "precision": 0.44999383541877475,
      "recall": 0.4563327032136106,
      "cv_f1_mean": 0.42733537116020964,
      "cv_f1_std": 0.017737599834473254,
      "confidence_mean": 0.45202100872954104,
      "confidence_std": 0.10515379542855105,
      "confidence_min": 0.33491006596634143,
      "confidence_max": 0.8342225045208985
    },
    "xgboost": {
      "accuracy": 0.44650283553875236,
      "f1_score": 0.44881905546533446,
      "precision": 0.45284109175733883,
      "recall": 0.44650283553875236,
      "cv_f1_mean": 0.4078985048479395,
      "cv_f1_std": 0.022139894444579603,
      "confidence_mean": 0.5286311507225037,
      "confidence_std": 0.1246352419257164,
      "confidence_min": 0.33638668060302734,
      "confidence_max": 0.9819638729095459
    },
    "random_forest": {
      "accuracy": 0.45746691871455575,
      "f1_score": 0.4537904155461973,
      "precision": 0.45315628913878664,
      "recall": 0.45746691871455575,
      "cv_f1_mean": 0.4195010035743255,
      "cv_f1_std": 0.018241380676712472,
      "confidence_mean": 0.43427584256506274,
      "confidence_std": 0.06743246108743324,
      "confidence_min": 0.3348123861282567,
      "confidence_max": 0.6707557965025349
    }
  },
  "model_files": {
    "lightgbm": "models/training/lightgbm_model.pkl",
    "xgboost": "models/training/xgboost_model.pkl",
    "random_forest": "models/training/random_forest_model.pkl",
    "production_ensemble": "models/production/ensemble_basic.pkl"
  },
  "config_path": "config/core/thresholds.yaml",
  "phase": "Phase 51.9",
  "notes": "Phase 51.9完了・真の3クラス分類実装（multiclass params追加）・6戦略統合（ATRBased/DonchianChannel/ADXTrendStrength/BBReversal/StochasticReversal/MACDEMACrossover）・実戦略信号学習（訓練時と推論時の一貫性確保）・55特徴量・閾値0.5%・CV n_splits=5・Early Stopping・SMOTE・Optuna最適化・個別モデル学習結果"
}