{
  "created_at": "2026-05-16T08:38:40.128461",
  "feature_names": [
    "close",
    "volume",
    "rsi_14",
    "macd",
    "atr_14",
    "bb_position",
    "ema_20",
    "ema_50",
    "volume_ratio",
    "volume_ema",
    "channel_position",
    "adx_14",
    "plus_di_14",
    "minus_di_14",
    "returns_1",
    "returns_2",
    "returns_3",
    "returns_10",
    "volume_lag_1",
    "volume_lag_2",
    "volume_lag_3",
    "rsi_lag_1",
    "macd_lag_1",
    "close_ma_10",
    "close_ma_20",
    "close_std_5",
    "close_std_10",
    "close_std_20",
    "rsi_x_atr",
    "macd_x_volume",
    "bb_position_x_volume_ratio",
    "close_x_atr",
    "volume_x_bb_position",
    "hour",
    "day_of_week",
    "hour_cos",
    "day_sin",
    "funding_rate_8h_avg",
    "fear_greed_index",
    "ofi_top5",
    "bid_ask_imbalance",
    "depth_ratio",
    "btc_dominance_change",
    "usdjpy_change",
    "nikkei_change_proxy",
    "btc_realized_vol_24h",
    "btc_funding_premium",
    "vpin",
    "vpin_ma20",
    "vpin_change",
    "hmm_state_bear_prob",
    "hmm_state_bull_prob",
    "eth_btc_price_ratio",
    "eth_btc_corr_24h",
    "eth_returns_15m"
  ],
  "training_samples": 17281,
  "model_metrics": {
    "lightgbm": {
      "accuracy": 0.9679907443116081,
      "f1_score": 0.9659033304344414,
      "precision": 0.9638248999503296,
      "recall": 0.9679907443116081,
      "cv_f1_mean": 0.8929051622382225,
      "cv_f1_std": 0.04991651954039933,
      "confidence_mean": 0.915592499153803,
      "confidence_std": 0.11024353292288785,
      "confidence_min": 0.37340999098338545,
      "confidence_max": 0.9996413494871428
    },
    "xgboost": {
      "accuracy": 0.9660624758966448,
      "f1_score": 0.9651144263619081,
      "precision": 0.9641682357478278,
      "recall": 0.9660624758966448,
      "cv_f1_mean": 0.8909269036478271,
      "cv_f1_std": 0.04969548026572462,
      "confidence_mean": 0.9497479200363159,
      "confidence_std": 0.097369484603405,
      "confidence_min": 0.3781084418296814,
      "confidence_max": 0.9999891519546509
    },
    "random_forest": {
      "accuracy": 0.7709217123023525,
      "f1_score": 0.8560289024096248,
      "precision": 0.9672084232922827,
      "recall": 0.7709217123023525,
      "cv_f1_mean": 0.8198443073963226,
      "cv_f1_std": 0.10621182711753571,
      "confidence_mean": 0.5705602309734294,
      "confidence_std": 0.13979115518074145,
      "confidence_min": 0.33844291286681133,
      "confidence_max": 0.9250240880232713
    },
    "nbeats": {
      "accuracy": 0.8958735055919784,
      "f1_score": 0.9283182895639345,
      "precision": 0.9633630115321704,
      "recall": 0.8958735055919784,
      "cv_f1_mean": 0.8550492005173675,
      "cv_f1_std": 0.054480096703348545,
      "confidence_mean": 0.9426780939102173,
      "confidence_std": 0.11451663076877594,
      "confidence_min": 0.4304249584674835,
      "confidence_max": 1.0
    }
  },
  "model_files": {
    "lightgbm": "models/training/lightgbm_model.pkl",
    "xgboost": "models/training/xgboost_model.pkl",
    "random_forest": "models/training/random_forest_model.pkl",
    "nbeats": "models/training/nbeats_model.pkl",
    "production_ensemble": "models/production/ensemble_full.pkl"
  },
  "config_path": "config/core/thresholds.yaml",
  "phase": "Phase 89-γ",
  "notes": "Phase 89-δ完了・55特徴量（funding/sentiment/microstructure/macro_lite/microstructure_advanced/cross_asset 6 カテゴリ追加）・メタラベリング・閾値0.5%・CV (PurgedKFold embargo)・Early Stopping・SMOTE・Optuna最適化（LGB/XGB/RF）・N-BEATS 統合（4モデルensemble・重み 0.34/0.34/0.17/0.15）"
}