{
  "created_at": "2026-07-05T11:34:14.831899",
  "feature_names": [
    "close",
    "volume",
    "rsi_14",
    "macd",
    "atr_14",
    "bb_position",
    "ema_20",
    "ema_50",
    "volume_ratio",
    "volume_ema",
    "channel_position",
    "adx_14",
    "plus_di_14",
    "minus_di_14",
    "returns_1",
    "returns_2",
    "returns_3",
    "returns_10",
    "volume_lag_1",
    "volume_lag_2",
    "volume_lag_3",
    "rsi_lag_1",
    "macd_lag_1",
    "close_ma_10",
    "close_ma_20",
    "close_std_5",
    "close_std_10",
    "close_std_20",
    "rsi_x_atr",
    "macd_x_volume",
    "bb_position_x_volume_ratio",
    "close_x_atr",
    "volume_x_bb_position",
    "hour",
    "day_of_week",
    "hour_cos",
    "day_sin",
    "funding_rate_8h_avg",
    "fear_greed_index",
    "ofi_top5",
    "bid_ask_imbalance",
    "depth_ratio",
    "btc_dominance_change",
    "usdjpy_change",
    "nikkei_change_proxy",
    "btc_realized_vol_24h",
    "btc_funding_premium",
    "vpin",
    "vpin_ma20",
    "vpin_change",
    "hmm_state_bear_prob",
    "hmm_state_bull_prob",
    "eth_btc_price_ratio",
    "eth_btc_corr_24h",
    "eth_returns_15m"
  ],
  "training_samples": 35041,
  "model_metrics": {
    "lightgbm": {
      "accuracy": 0.6149895377591782,
      "f1_score": 0.5739823945398859,
      "precision": 0.578557581238751,
      "recall": 0.5951946103506932,
      "cv_f1_mean": 0.50065846092872,
      "cv_f1_std": 0.050298369314829866,
      "confidence_mean": 0.6185349663572534,
      "confidence_std": 0.09105531563830384,
      "confidence_min": 0.5000402039063129,
      "confidence_max": 0.9104475886607257
    },
    "xgboost": {
      "accuracy": 0.5497431995434658,
      "f1_score": 0.5354537721526926,
      "precision": 0.5718683128870564,
      "recall": 0.5889685295146343,
      "cv_f1_mean": 0.5125676152211334,
      "cv_f1_std": 0.03966075945616821,
      "confidence_mean": 0.7434423565864563,
      "confidence_std": 0.13510891795158386,
      "confidence_min": 0.5000951290130615,
      "confidence_max": 0.996371865272522
    },
    "random_forest": {
      "accuracy": 0.4957199923910976,
      "f1_score": 0.49165671140434075,
      "precision": 0.5599041712903099,
      "recall": 0.5694715060614204,
      "cv_f1_mean": 0.5046679356630197,
      "cv_f1_std": 0.06400621030342367,
      "confidence_mean": 0.5992615706266824,
      "confidence_std": 0.0635953895423082,
      "confidence_min": 0.5001331513688894,
      "confidence_max": 0.8178257562820984
    },
    "nbeats": {
      "accuracy": 0.5425147422484307,
      "f1_score": 0.5146319460325641,
      "precision": 0.5352847746831144,
      "recall": 0.544040558727798,
      "cv_f1_mean": 0.5249310643895958,
      "cv_f1_std": 0.011111784569084312,
      "confidence_mean": 0.7715789675712585,
      "confidence_std": 0.1455226093530655,
      "confidence_min": 0.5003249645233154,
      "confidence_max": 0.9999270439147949
    }
  },
  "model_files": {
    "lightgbm": "models/training/lightgbm_model.pkl",
    "xgboost": "models/training/xgboost_model.pkl",
    "random_forest": "models/training/random_forest_model.pkl",
    "nbeats": "models/training/nbeats_model.pkl",
    "production_ensemble": "models/production/ensemble_full.pkl"
  },
  "config_path": "config/core/thresholds.yaml",
  "phase": "Phase 89-γ",
  "notes": "Phase 89-δ完了・55特徴量（funding/sentiment/microstructure/macro_lite/microstructure_advanced/cross_asset 6 カテゴリ追加）・メタラベリング・閾値0.5%・CV (PurgedKFold embargo)・Early Stopping・SMOTE・Optuna最適化（LGB/XGB/RF）・N-BEATS 統合（4モデルensemble・重み 0.34/0.34/0.17/0.15）"
}