{
  "created_at": "2026-06-14T12:05:15.504864",
  "feature_names": [
    "close",
    "volume",
    "rsi_14",
    "macd",
    "atr_14",
    "bb_position",
    "ema_20",
    "ema_50",
    "volume_ratio",
    "volume_ema",
    "channel_position",
    "adx_14",
    "plus_di_14",
    "minus_di_14",
    "returns_1",
    "returns_2",
    "returns_3",
    "returns_10",
    "volume_lag_1",
    "volume_lag_2",
    "volume_lag_3",
    "rsi_lag_1",
    "macd_lag_1",
    "close_ma_10",
    "close_ma_20",
    "close_std_5",
    "close_std_10",
    "close_std_20",
    "rsi_x_atr",
    "macd_x_volume",
    "bb_position_x_volume_ratio",
    "close_x_atr",
    "volume_x_bb_position",
    "hour",
    "day_of_week",
    "hour_cos",
    "day_sin",
    "funding_rate_8h_avg",
    "fear_greed_index",
    "ofi_top5",
    "bid_ask_imbalance",
    "depth_ratio",
    "btc_dominance_change",
    "usdjpy_change",
    "nikkei_change_proxy",
    "btc_realized_vol_24h",
    "btc_funding_premium",
    "vpin",
    "vpin_ma20",
    "vpin_change",
    "hmm_state_bear_prob",
    "hmm_state_bull_prob",
    "eth_btc_price_ratio",
    "eth_btc_corr_24h",
    "eth_returns_15m"
  ],
  "training_samples": 35041,
  "model_metrics": {
    "lightgbm": {
      "accuracy": 0.491535096062393,
      "f1_score": 0.47978722305450816,
      "precision": 0.5394375956195547,
      "recall": 0.5500448675692255,
      "cv_f1_mean": 0.5408811888134487,
      "cv_f1_std": 0.024105109883712176,
      "confidence_mean": 0.51893078597444,
      "confidence_std": 0.014405467627219014,
      "confidence_min": 0.5,
      "confidence_max": 0.5510604972264741
    },
    "xgboost": {
      "accuracy": 0.45501236446642573,
      "f1_score": 0.447122450114558,
      "precision": 0.5177215193784653,
      "recall": 0.5218540308414527,
      "cv_f1_mean": 0.5366526288464478,
      "cv_f1_std": 0.021858574320672657,
      "confidence_mean": 0.7991431951522827,
      "confidence_std": 0.14291547238826752,
      "confidence_min": 0.5003287196159363,
      "confidence_max": 0.9996514320373535
    },
    "random_forest": {
      "accuracy": 0.4002282670724748,
      "f1_score": 0.3999843184458841,
      "precision": 0.542116521250782,
      "recall": 0.5398344948730943,
      "cv_f1_mean": 0.5419594907229603,
      "cv_f1_std": 0.021381826963005723,
      "confidence_mean": 0.6460159400715195,
      "confidence_std": 0.07696509497576941,
      "confidence_min": 0.5000298905739078,
      "confidence_max": 0.8530428413451634
    },
    "nbeats": {
      "accuracy": 0.509606239299981,
      "f1_score": 0.4864195425558845,
      "precision": 0.5257076719576719,
      "recall": 0.5336951634475059,
      "cv_f1_mean": 0.5301146629547668,
      "cv_f1_std": 0.02502721058598657,
      "confidence_mean": 0.7891961336135864,
      "confidence_std": 0.1487886905670166,
      "confidence_min": 0.5000673532485962,
      "confidence_max": 0.999805748462677
    }
  },
  "model_files": {
    "lightgbm": "models/training/lightgbm_model.pkl",
    "xgboost": "models/training/xgboost_model.pkl",
    "random_forest": "models/training/random_forest_model.pkl",
    "nbeats": "models/training/nbeats_model.pkl",
    "production_ensemble": "models/production/ensemble_full.pkl"
  },
  "config_path": "config/core/thresholds.yaml",
  "phase": "Phase 89-γ",
  "notes": "Phase 89-δ完了・55特徴量（funding/sentiment/microstructure/macro_lite/microstructure_advanced/cross_asset 6 カテゴリ追加）・メタラベリング・閾値0.5%・CV (PurgedKFold embargo)・Early Stopping・SMOTE・Optuna最適化（LGB/XGB/RF）・N-BEATS 統合（4モデルensemble・重み 0.34/0.34/0.17/0.15）"
}