{
  "created_at": "2026-06-21T12:16:58.707224",
  "feature_names": [
    "close",
    "volume",
    "rsi_14",
    "macd",
    "atr_14",
    "bb_position",
    "ema_20",
    "ema_50",
    "volume_ratio",
    "volume_ema",
    "channel_position",
    "adx_14",
    "plus_di_14",
    "minus_di_14",
    "returns_1",
    "returns_2",
    "returns_3",
    "returns_10",
    "volume_lag_1",
    "volume_lag_2",
    "volume_lag_3",
    "rsi_lag_1",
    "macd_lag_1",
    "close_ma_10",
    "close_ma_20",
    "close_std_5",
    "close_std_10",
    "close_std_20",
    "rsi_x_atr",
    "macd_x_volume",
    "bb_position_x_volume_ratio",
    "close_x_atr",
    "volume_x_bb_position",
    "hour",
    "day_of_week",
    "hour_cos",
    "day_sin",
    "funding_rate_8h_avg",
    "fear_greed_index",
    "ofi_top5",
    "bid_ask_imbalance",
    "depth_ratio",
    "btc_dominance_change",
    "usdjpy_change",
    "nikkei_change_proxy",
    "btc_realized_vol_24h",
    "btc_funding_premium",
    "vpin",
    "vpin_ma20",
    "vpin_change",
    "hmm_state_bear_prob",
    "hmm_state_bull_prob",
    "eth_btc_price_ratio",
    "eth_btc_corr_24h",
    "eth_returns_15m"
  ],
  "training_samples": 35041,
  "model_metrics": {
    "lightgbm": {
      "accuracy": 0.5758036903176716,
      "f1_score": 0.536603145961959,
      "precision": 0.5516470381695024,
      "recall": 0.5662617269046002,
      "cv_f1_mean": 0.5374884147408302,
      "cv_f1_std": 0.01968901943353172,
      "confidence_mean": 0.6214734389762037,
      "confidence_std": 0.10099738152034558,
      "confidence_min": 0.5000266898198187,
      "confidence_max": 0.9339872644333559
    },
    "xgboost": {
      "accuracy": 0.32242723987064864,
      "f1_score": 0.3039286139114402,
      "precision": 0.5421015693001605,
      "recall": 0.5192652334794751,
      "cv_f1_mean": 0.3785242020726788,
      "cv_f1_std": 0.036106537468137356,
      "confidence_mean": 0.6884934902191162,
      "confidence_std": 0.06368627399206161,
      "confidence_min": 0.5001532435417175,
      "confidence_max": 0.7813054919242859
    },
    "random_forest": {
      "accuracy": 0.455963477268404,
      "f1_score": 0.45347121471068147,
      "precision": 0.5431861089315524,
      "recall": 0.5494017500214914,
      "cv_f1_mean": 0.5438181750028692,
      "cv_f1_std": 0.012653669216120537,
      "confidence_mean": 0.6061342963856434,
      "confidence_std": 0.06475313599765761,
      "confidence_min": 0.5000197488368373,
      "confidence_max": 0.8227784795801147
    },
    "nbeats": {
      "accuracy": 0.5075137911356287,
      "f1_score": 0.48539022817988653,
      "precision": 0.5228498045911063,
      "recall": 0.5295114820525006,
      "cv_f1_mean": 0.5263230506695022,
      "cv_f1_std": 0.009722487467402743,
      "confidence_mean": 0.7703880071640015,
      "confidence_std": 0.14559900760650635,
      "confidence_min": 0.5000460743904114,
      "confidence_max": 0.999748170375824
    }
  },
  "model_files": {
    "lightgbm": "models/training/lightgbm_model.pkl",
    "xgboost": "models/training/xgboost_model.pkl",
    "random_forest": "models/training/random_forest_model.pkl",
    "nbeats": "models/training/nbeats_model.pkl",
    "production_ensemble": "models/production/ensemble_full.pkl"
  },
  "config_path": "config/core/thresholds.yaml",
  "phase": "Phase 89-γ",
  "notes": "Phase 89-δ完了・55特徴量（funding/sentiment/microstructure/macro_lite/microstructure_advanced/cross_asset 6 カテゴリ追加）・メタラベリング・閾値0.5%・CV (PurgedKFold embargo)・Early Stopping・SMOTE・Optuna最適化（LGB/XGB/RF）・N-BEATS 統合（4モデルensemble・重み 0.34/0.34/0.17/0.15）"
}