{
  "created_at": "2025-08-22T21:19:30.748023",
  "feature_names": [
    "close",
    "volume",
    "returns_1",
    "rsi_14",
    "macd",
    "macd_signal",
    "atr_14",
    "bb_position",
    "ema_20",
    "ema_50",
    "zscore",
    "volume_ratio"
  ],
  "training_samples": 4320,
  "model_metrics": {
    "lightgbm": {
      "accuracy": 0.95625,
      "f1_score": 0.9558120027303049,
      "precision": 0.9582529820701627,
      "recall": 0.95625,
      "cv_f1_mean": 0.516965870744755,
      "cv_f1_std": 0.004900170228721807
    },
    "xgboost": {
      "accuracy": 0.9949074074074075,
      "f1_score": 0.9949019844757278,
      "precision": 0.9949414315441514,
      "recall": 0.9949074074074075,
      "cv_f1_mean": 0.5235327171210206,
      "cv_f1_std": 0.010369052945510394
    },
    "random_forest": {
      "accuracy": 0.7833333333333333,
      "f1_score": 0.7584827408233585,
      "precision": 0.8403156317317599,
      "recall": 0.7833333333333333,
      "cv_f1_mean": 0.5089158635535344,
      "cv_f1_std": 0.021428709764085774
    }
  },
  "model_files": {
    "lightgbm": "models/training/lightgbm_model.pkl",
    "xgboost": "models/training/xgboost_model.pkl",
    "random_forest": "models/training/random_forest_model.pkl",
    "production_ensemble": "models/production/production_ensemble.pkl"
  },
  "config_path": "config/core/base.yaml",
  "phase": "Phase 9",
  "notes": "個別モデル学習結果・training用保存"
}