{
  "created_at": "2025-08-21T22:40:56.824282",
  "feature_names": [
    "close",
    "volume",
    "returns_1",
    "rsi_14",
    "macd",
    "macd_signal",
    "atr_14",
    "bb_position",
    "ema_20",
    "ema_50",
    "zscore",
    "volume_ratio"
  ],
  "training_samples": 4320,
  "model_metrics": {
    "lightgbm": {
      "accuracy": 0.9425925925925925,
      "f1_score": 0.941796736206284,
      "precision": 0.945980878644763,
      "recall": 0.9425925925925925,
      "cv_f1_mean": 0.513265930374053,
      "cv_f1_std": 0.005409529159925148
    },
    "xgboost": {
      "accuracy": 0.9923611111111111,
      "f1_score": 0.9923475172725112,
      "precision": 0.9924560577526681,
      "recall": 0.9923611111111111,
      "cv_f1_mean": 0.5191030460366367,
      "cv_f1_std": 0.010523398811423154
    },
    "random_forest": {
      "accuracy": 0.7405092592592593,
      "f1_score": 0.6994282616222914,
      "precision": 0.8182247602932882,
      "recall": 0.7405092592592593,
      "cv_f1_mean": 0.49582602026492983,
      "cv_f1_std": 0.005190222244355448
    }
  },
  "model_files": {
    "lightgbm": "models/training/lightgbm_model.pkl",
    "xgboost": "models/training/xgboost_model.pkl",
    "random_forest": "models/training/random_forest_model.pkl",
    "production_ensemble": "models/production/production_ensemble.pkl"
  },
  "config_path": "config/core/base.yaml",
  "phase": "Phase 9",
  "notes": "個別モデル学習結果・training用保存"
}