{
  "created_at": "2026-06-07T11:34:56.446944",
  "feature_names": [
    "close",
    "volume",
    "rsi_14",
    "macd",
    "atr_14",
    "bb_position",
    "ema_20",
    "ema_50",
    "volume_ratio",
    "volume_ema",
    "channel_position",
    "adx_14",
    "plus_di_14",
    "minus_di_14",
    "returns_1",
    "returns_2",
    "returns_3",
    "returns_10",
    "volume_lag_1",
    "volume_lag_2",
    "volume_lag_3",
    "rsi_lag_1",
    "macd_lag_1",
    "close_ma_10",
    "close_ma_20",
    "close_std_5",
    "close_std_10",
    "close_std_20",
    "rsi_x_atr",
    "macd_x_volume",
    "bb_position_x_volume_ratio",
    "close_x_atr",
    "volume_x_bb_position",
    "hour",
    "day_of_week",
    "hour_cos",
    "day_sin",
    "funding_rate_8h_avg",
    "fear_greed_index",
    "ofi_top5",
    "bid_ask_imbalance",
    "depth_ratio",
    "btc_dominance_change",
    "usdjpy_change",
    "nikkei_change_proxy",
    "btc_realized_vol_24h",
    "btc_funding_premium",
    "vpin",
    "vpin_ma20",
    "vpin_change",
    "hmm_state_bear_prob",
    "hmm_state_bull_prob",
    "eth_btc_price_ratio",
    "eth_btc_corr_24h",
    "eth_returns_15m"
  ],
  "training_samples": 35040,
  "model_metrics": {
    "lightgbm": {
      "accuracy": 0.5232115677321156,
      "f1_score": 0.5089410768184583,
      "precision": 0.5609930135516339,
      "recall": 0.5784600615426814,
      "cv_f1_mean": 0.5587759690452053,
      "cv_f1_std": 0.024113598413052776,
      "confidence_mean": 0.5642729374699536,
      "confidence_std": 0.049688767249922536,
      "confidence_min": 0.5000822605415443,
      "confidence_max": 0.7019603842917257
    },
    "xgboost": {
      "accuracy": 0.4090563165905632,
      "f1_score": 0.40902208866976814,
      "precision": 0.5325808787461167,
      "recall": 0.5332099051145568,
      "cv_f1_mean": 0.5423485605132562,
      "cv_f1_std": 0.015441751875612392,
      "confidence_mean": 0.7482122182846069,
      "confidence_std": 0.12874944508075714,
      "confidence_min": 0.5000377297401428,
      "confidence_max": 0.9916734099388123
    },
    "random_forest": {
      "accuracy": 0.3544520547945205,
      "f1_score": 0.34652197786795635,
      "precision": 0.5571076395824354,
      "recall": 0.5372496078582633,
      "cv_f1_mean": 0.5526503799441913,
      "cv_f1_std": 0.01140549887149947,
      "confidence_mean": 0.6338023384915304,
      "confidence_std": 0.06829111399059112,
      "confidence_min": 0.5001193675250356,
      "confidence_max": 0.7814051727165215
    },
    "nbeats": {
      "accuracy": 0.5205479452054794,
      "f1_score": 0.492192837534005,
      "precision": 0.5247480613334272,
      "recall": 0.532546478438633,
      "cv_f1_mean": 0.5225739897716424,
      "cv_f1_std": 0.032747064918703384,
      "confidence_mean": 0.7561325430870056,
      "confidence_std": 0.14677433669567108,
      "confidence_min": 0.5000535249710083,
      "confidence_max": 0.9988536834716797
    }
  },
  "model_files": {
    "lightgbm": "models/training/lightgbm_model.pkl",
    "xgboost": "models/training/xgboost_model.pkl",
    "random_forest": "models/training/random_forest_model.pkl",
    "nbeats": "models/training/nbeats_model.pkl",
    "production_ensemble": "models/production/ensemble_full.pkl"
  },
  "config_path": "config/core/thresholds.yaml",
  "phase": "Phase 89-γ",
  "notes": "Phase 89-δ完了・55特徴量（funding/sentiment/microstructure/macro_lite/microstructure_advanced/cross_asset 6 カテゴリ追加）・メタラベリング・閾値0.5%・CV (PurgedKFold embargo)・Early Stopping・SMOTE・Optuna最適化（LGB/XGB/RF）・N-BEATS 統合（4モデルensemble・重み 0.34/0.34/0.17/0.15）"
}