{
  "created_at": "2026-03-27T07:31:59.293754",
  "feature_names": [
    "close",
    "volume",
    "rsi_14",
    "macd",
    "macd_signal",
    "macd_histogram",
    "stoch_k",
    "stoch_d",
    "atr_14",
    "bb_upper",
    "bb_lower",
    "bb_position",
    "atr_ratio",
    "ema_20",
    "ema_50",
    "volume_ratio",
    "volume_ema",
    "cmf_20",
    "cci_20",
    "channel_position",
    "adx_14",
    "plus_di_14",
    "minus_di_14",
    "close_lag_1",
    "close_lag_2",
    "close_lag_3",
    "close_lag_10",
    "volume_lag_1",
    "volume_lag_2",
    "volume_lag_3",
    "rsi_lag_1",
    "macd_lag_1",
    "close_ma_10",
    "close_ma_20",
    "close_std_5",
    "close_std_10",
    "close_std_20",
    "rsi_x_atr",
    "macd_x_volume",
    "bb_position_x_volume_ratio",
    "close_x_atr",
    "volume_x_bb_position",
    "hour",
    "day_of_week",
    "williams_r_14",
    "is_europe_session",
    "hour_cos",
    "day_sin",
    "day_cos"
  ],
  "training_samples": 17628,
  "model_metrics": {
    "lightgbm": {
      "accuracy": 0.46351606805293005,
      "f1_score": 0.4593432232446466,
      "precision": 0.45724724811566425,
      "recall": 0.46351606805293005,
      "cv_f1_mean": 0.4248043923681294,
      "cv_f1_std": 0.01351101743115774,
      "confidence_mean": 0.4544285352615593,
      "confidence_std": 0.10727072547885567,
      "confidence_min": 0.33377444210383506,
      "confidence_max": 0.8493410880979745
    },
    "xgboost": {
      "accuracy": 0.44612476370510395,
      "f1_score": 0.4477065946208024,
      "precision": 0.4501818779926232,
      "recall": 0.44612476370510395,
      "cv_f1_mean": 0.4127454476807496,
      "cv_f1_std": 0.013699351784476241,
      "confidence_mean": 0.4736475944519043,
      "confidence_std": 0.10806611180305481,
      "confidence_min": 0.33588117361068726,
      "confidence_max": 0.8991804122924805
    },
    "random_forest": {
      "accuracy": 0.4544423440453686,
      "f1_score": 0.4475007225196291,
      "precision": 0.4476079579544474,
      "recall": 0.4544423440453686,
      "cv_f1_mean": 0.4228777028482028,
      "cv_f1_std": 0.018657175191621245,
      "confidence_mean": 0.43905856276660604,
      "confidence_std": 0.08129427147417985,
      "confidence_min": 0.3342693764248329,
      "confidence_max": 0.7142737036987732
    }
  },
  "model_files": {
    "lightgbm": "models/training/lightgbm_model.pkl",
    "xgboost": "models/training/xgboost_model.pkl",
    "random_forest": "models/training/random_forest_model.pkl",
    "production_ensemble": "models/production/ensemble_basic.pkl"
  },
  "config_path": "config/core/thresholds.yaml",
  "phase": "Phase 51.9",
  "notes": "Phase 51.9完了・真の3クラス分類実装（multiclass params追加）・6戦略統合（ATRBased/DonchianChannel/ADXTrendStrength/BBReversal/StochasticReversal/MACDEMACrossover）・実戦略信号学習（訓練時と推論時の一貫性確保）・55特徴量・閾値0.5%・CV n_splits=5・Early Stopping・SMOTE・Optuna最適化・個別モデル学習結果"
}