{
  "created_at": "2025-08-23T07:12:24.412468",
  "feature_names": [
    "close",
    "volume",
    "returns_1",
    "rsi_14",
    "macd",
    "macd_signal",
    "atr_14",
    "bb_position",
    "ema_20",
    "ema_50",
    "zscore",
    "volume_ratio"
  ],
  "training_samples": 4320,
  "model_metrics": {
    "lightgbm": {
      "accuracy": 0.9581018518518518,
      "f1_score": 0.9577512501573271,
      "precision": 0.9595950093740663,
      "recall": 0.9581018518518518,
      "cv_f1_mean": 0.5266076441125623,
      "cv_f1_std": 0.010672165897303946
    },
    "xgboost": {
      "accuracy": 0.9953703703703703,
      "f1_score": 0.9953655775983146,
      "precision": 0.9954055632979998,
      "recall": 0.9953703703703703,
      "cv_f1_mean": 0.5167699501773803,
      "cv_f1_std": 0.009812902079985149
    },
    "random_forest": {
      "accuracy": 0.7805555555555556,
      "f1_score": 0.7553019996485831,
      "precision": 0.8390083044550591,
      "recall": 0.7805555555555556,
      "cv_f1_mean": 0.49847541988483446,
      "cv_f1_std": 0.0066855348244923354
    }
  },
  "model_files": {
    "lightgbm": "models/training/lightgbm_model.pkl",
    "xgboost": "models/training/xgboost_model.pkl",
    "random_forest": "models/training/random_forest_model.pkl",
    "production_ensemble": "models/production/production_ensemble.pkl"
  },
  "config_path": "config/core/base.yaml",
  "phase": "Phase 9",
  "notes": "個別モデル学習結果・training用保存"
}