{
  "phase": "phase40_3_ml_integration",
  "created_at": "2025-10-15T06:26:01.067656",
  "best_params": {
    "ml_weight": 0.15000000000000002,
    "high_confidence_threshold": 0.7999999999999999,
    "agreement_bonus": 1.05,
    "disagreement_penalty": 0.5,
    "min_ml_confidence": 0.6000000000000001,
    "hold_conversion_threshold": 0.3
  },
  "best_value": 1.1995211659595726,
  "study_stats": {
    "n_trials": 150,
    "n_complete": 150,
    "n_failed": 0,
    "duration_seconds": 0.5211777687072754
  }
}