{
  "ensemble_type": "97_features_optimized",
  "models": {
    "lgbm": 0.4855403348554033,
    "xgb": 0.5015220700152208,
    "rf": 0.48203957382039575
  },
  "feature_count": 97,
  "optimization_date": "2025-08-13T05:17:37.738427",
  "performance_summary": {
    "best_model": "xgb",
    "avg_accuracy": 0.48970065956367326,
    "avg_f1": 0.4486316347954245
  }
}