{
  "created_at": "2026-05-11T07:22:41.571183",
  "model_type": "ProductionEnsemble",
  "model_file": "models/production/ensemble_basic.pkl",
  "version": "1.0.0",
  "phase": "Phase 50.9",
  "status": "production_ready",
  "feature_names": [
    "close",
    "volume",
    "rsi_14",
    "macd",
    "atr_14",
    "bb_position",
    "ema_20",
    "ema_50",
    "volume_ratio",
    "volume_ema",
    "channel_position",
    "adx_14",
    "plus_di_14",
    "minus_di_14",
    "returns_1",
    "returns_2",
    "returns_3",
    "returns_10",
    "volume_lag_1",
    "volume_lag_2",
    "volume_lag_3",
    "rsi_lag_1",
    "macd_lag_1",
    "close_ma_10",
    "close_ma_20",
    "close_std_5",
    "close_std_10",
    "close_std_20",
    "rsi_x_atr",
    "macd_x_volume",
    "bb_position_x_volume_ratio",
    "close_x_atr",
    "volume_x_bb_position",
    "hour",
    "day_of_week",
    "hour_cos",
    "day_sin"
  ],
  "individual_models": [
    "lightgbm",
    "xgboost",
    "random_forest"
  ],
  "model_weights": {
    "lightgbm": 0.4,
    "xgboost": 0.4,
    "random_forest": 0.2
  },
  "performance_metrics": {
    "lightgbm": {
      "accuracy": 0.564117199391172,
      "f1_score": 0.573501548210845,
      "precision": 0.6061397804861199,
      "recall": 0.564117199391172,
      "cv_f1_mean": 0.6021577178883257,
      "cv_f1_std": 0.051465700884880866,
      "confidence_mean": 0.6329646949590833,
      "confidence_std": 0.10932465215133838,
      "confidence_min": 0.5001020955923449,
      "confidence_max": 0.9613048170775436
    },
    "xgboost": {
      "accuracy": 0.4899162861491629,
      "f1_score": 0.4832823117015891,
      "precision": 0.5979022728988723,
      "recall": 0.4899162861491629,
      "cv_f1_mean": 0.5768919221049789,
      "cv_f1_std": 0.07346757393019242,
      "confidence_mean": 0.7394990921020508,
      "confidence_std": 0.13196642696857452,
      "confidence_min": 0.5000290870666504,
      "confidence_max": 0.9965674877166748
    },
    "random_forest": {
      "accuracy": 0.4777397260273973,
      "f1_score": 0.45185088946939084,
      "precision": 0.6294704768028678,
      "recall": 0.4777397260273973,
      "cv_f1_mean": 0.5713837850603201,
      "cv_f1_std": 0.07400260924304145,
      "confidence_mean": 0.6773338982325644,
      "confidence_std": 0.0991806566008664,
      "confidence_min": 0.5000643520573279,
      "confidence_max": 0.9411120502517691
    }
  },
  "training_info": {
    "samples": 35036,
    "feature_count": 37,
    "training_duration_seconds": 0,
    "class_distribution": {
      "success": 0.3136488183582601,
      "failure": 0.6863511816417399
    },
    "n_classes": 2,
    "optimal_threshold": 0.5
  },
  "git_info": {
    "commit": "397b834374ccbfe292599165c27bff6de5ab65fb",
    "commit_short": "397b8343",
    "branch": "main"
  },
  "notes": "Phase 50.9完了・外部API完全削除・62特徴量固定システム・2段階Graceful Degradation・シンプル設計回帰・TimeSeriesSplit n_splits=5・Early Stopping・SMOTE・Optuna最適化"
}