{
  "created_at": "2026-03-29T06:08:33.803972",
  "model_type": "ProductionEnsemble",
  "model_file": "models/production/ensemble_basic.pkl",
  "version": "1.0.0",
  "phase": "Phase 50.9",
  "status": "production_ready",
  "feature_names": [
    "close",
    "volume",
    "rsi_14",
    "macd",
    "macd_signal",
    "macd_histogram",
    "stoch_k",
    "stoch_d",
    "atr_14",
    "bb_upper",
    "bb_lower",
    "bb_position",
    "atr_ratio",
    "ema_20",
    "ema_50",
    "volume_ratio",
    "volume_ema",
    "cmf_20",
    "cci_20",
    "channel_position",
    "adx_14",
    "plus_di_14",
    "minus_di_14",
    "close_lag_1",
    "close_lag_2",
    "close_lag_3",
    "close_lag_10",
    "volume_lag_1",
    "volume_lag_2",
    "volume_lag_3",
    "rsi_lag_1",
    "macd_lag_1",
    "close_ma_10",
    "close_ma_20",
    "close_std_5",
    "close_std_10",
    "close_std_20",
    "rsi_x_atr",
    "macd_x_volume",
    "bb_position_x_volume_ratio",
    "close_x_atr",
    "volume_x_bb_position",
    "hour",
    "day_of_week",
    "williams_r_14",
    "is_europe_session",
    "hour_cos",
    "day_sin",
    "day_cos"
  ],
  "individual_models": [
    "lightgbm",
    "xgboost",
    "random_forest"
  ],
  "model_weights": {
    "lightgbm": 0.4,
    "xgboost": 0.4,
    "random_forest": 0.2
  },
  "performance_metrics": {
    "lightgbm": {
      "accuracy": 0.5745329775066718,
      "f1_score": 0.5751011503577361,
      "precision": 0.5757643460213233,
      "recall": 0.5745329775066718,
      "cv_f1_mean": 0.5469770219108605,
      "cv_f1_std": 0.023074759745201727,
      "confidence_mean": 0.574773066920232,
      "confidence_std": 0.05891339208631236,
      "confidence_min": 0.5000009958155132,
      "confidence_max": 0.7756211483798306
    },
    "xgboost": {
      "accuracy": 0.5566145634769348,
      "f1_score": 0.5510151658442807,
      "precision": 0.598362350892511,
      "recall": 0.5566145634769348,
      "cv_f1_mean": 0.5108175942656105,
      "cv_f1_std": 0.05040119452736341,
      "confidence_mean": 0.5718345046043396,
      "confidence_std": 0.05031471326947212,
      "confidence_min": 0.500029981136322,
      "confidence_max": 0.7658560872077942
    },
    "random_forest": {
      "accuracy": 0.5758673274876096,
      "f1_score": 0.5780976885853316,
      "precision": 0.5917097015135573,
      "recall": 0.5758673274876096,
      "cv_f1_mean": 0.5316672532598121,
      "cv_f1_std": 0.020153291367436616,
      "confidence_mean": 0.5915698209320454,
      "confidence_std": 0.07167763178666883,
      "confidence_min": 0.5000075688211083,
      "confidence_max": 0.917181515154624
    }
  },
  "training_info": {
    "samples": 34970,
    "feature_count": 49,
    "training_duration_seconds": 0,
    "class_distribution": {
      "success": 0.5506148126965971,
      "failure": 0.44938518730340293
    },
    "n_classes": 2,
    "optimal_threshold": 0.5
  },
  "git_info": {
    "commit": "be3fa5df26e64333d7a5523895aaaee3bbb20b9e",
    "commit_short": "be3fa5df",
    "branch": "main"
  },
  "notes": "Phase 50.9完了・外部API完全削除・62特徴量固定システム・2段階Graceful Degradation・シンプル設計回帰・TimeSeriesSplit n_splits=5・Early Stopping・SMOTE・Optuna最適化"
}