{
  "created_at": "2026-04-24T05:24:29.455280",
  "model_type": "ProductionEnsemble",
  "model_file": "models/production/ensemble_full.pkl",
  "version": "1.0.0",
  "phase": "Phase 50.9",
  "status": "production_ready",
  "feature_names": [
    "close",
    "volume",
    "rsi_14",
    "macd",
    "atr_14",
    "bb_position",
    "ema_20",
    "ema_50",
    "volume_ratio",
    "volume_ema",
    "channel_position",
    "adx_14",
    "plus_di_14",
    "minus_di_14",
    "returns_1",
    "returns_2",
    "returns_3",
    "returns_10",
    "volume_lag_1",
    "volume_lag_2",
    "volume_lag_3",
    "rsi_lag_1",
    "macd_lag_1",
    "close_ma_10",
    "close_ma_20",
    "close_std_5",
    "close_std_10",
    "close_std_20",
    "rsi_x_atr",
    "macd_x_volume",
    "bb_position_x_volume_ratio",
    "close_x_atr",
    "volume_x_bb_position",
    "hour",
    "day_of_week",
    "hour_cos",
    "day_sin"
  ],
  "individual_models": [
    "lightgbm",
    "xgboost",
    "random_forest"
  ],
  "model_weights": {
    "lightgbm": 0.4,
    "xgboost": 0.4,
    "random_forest": 0.2
  },
  "performance_metrics": {
    "lightgbm": {
      "accuracy": 0.5907357987037744,
      "f1_score": 0.5989731287351564,
      "precision": 0.6476671397011211,
      "recall": 0.5907357987037744,
      "cv_f1_mean": 0.6115973886164896,
      "cv_f1_std": 0.04016225120153238,
      "confidence_mean": 0.5940605464992273,
      "confidence_std": 0.06782744841980108,
      "confidence_min": 0.5000176670995808,
      "confidence_max": 0.7804939327256394
    },
    "xgboost": {
      "accuracy": 0.5297369424323294,
      "f1_score": 0.5134689268700606,
      "precision": 0.6873306974659766,
      "recall": 0.5297369424323294,
      "cv_f1_mean": 0.5666174134006072,
      "cv_f1_std": 0.05574204248065305,
      "confidence_mean": 0.6762065887451172,
      "confidence_std": 0.09285330772399902,
      "confidence_min": 0.5000635981559753,
      "confidence_max": 0.9433837532997131
    },
    "random_forest": {
      "accuracy": 0.5417460922607701,
      "f1_score": 0.5395955690687007,
      "precision": 0.6514441362078948,
      "recall": 0.5417460922607701,
      "cv_f1_mean": 0.6067015599610139,
      "cv_f1_std": 0.04154949771702382,
      "confidence_mean": 0.6411360557190324,
      "confidence_std": 0.07904664942698011,
      "confidence_min": 0.5000180546816163,
      "confidence_max": 0.8586941929143682
    }
  },
  "training_info": {
    "samples": 34970,
    "feature_count": 37,
    "training_duration_seconds": 0,
    "class_distribution": {
      "success": 0.32973977695167284,
      "failure": 0.6702602230483272
    },
    "n_classes": 2,
    "optimal_threshold": 0.5
  },
  "git_info": {
    "commit": "12930706190fcf9a60af207e3e1136f538a8b3a0",
    "commit_short": "12930706",
    "branch": "main"
  },
  "notes": "Phase 50.9完了・外部API完全削除・62特徴量固定システム・2段階Graceful Degradation・シンプル設計回帰・TimeSeriesSplit n_splits=5・Early Stopping・SMOTE・Optuna最適化"
}