{
  "created_at": "2025-09-11T17:10:29.410750",
  "model_type": "ProductionEnsemble",
  "model_file": "models/production/production_ensemble.pkl",
  "version": "1.0.0",
  "phase": "Phase 19",
  "status": "production_ready",
  "feature_names": [
    "close",
    "volume",
    "rsi_14",
    "macd",
    "atr_14",
    "bb_position",
    "ema_20",
    "ema_50",
    "volume_ratio",
    "donchian_high_20",
    "donchian_low_20",
    "channel_position",
    "adx_14",
    "plus_di_14",
    "minus_di_14"
  ],
  "individual_models": [
    "lightgbm",
    "xgboost",
    "random_forest"
  ],
  "model_weights": {
    "lightgbm": 0.4,
    "xgboost": 0.4,
    "random_forest": 0.2
  },
  "performance_metrics": {
    "lightgbm": {
      "accuracy": 0.8861111111111111,
      "f1_score": 0.8838662183839849,
      "precision": 0.8900919540229885,
      "recall": 0.8861111111111111,
      "cv_f1_mean": 0.4965701667227566,
      "cv_f1_std": 0.042054866300830065
    },
    "xgboost": {
      "accuracy": 0.9675925925925926,
      "f1_score": 0.9673730877187773,
      "precision": 0.968647748138696,
      "recall": 0.9675925925925926,
      "cv_f1_mean": 0.5145364373686379,
      "cv_f1_std": 0.04321521770829551
    },
    "random_forest": {
      "accuracy": 0.9037037037037037,
      "f1_score": 0.9005556313005071,
      "precision": 0.9169158604514805,
      "recall": 0.9037037037037037,
      "cv_f1_mean": 0.5290472847124464,
      "cv_f1_std": 0.037493082204709934
    }
  },
  "training_info": {
    "samples": 1080,
    "feature_count": 15,
    "training_duration_seconds": 0
  },
  "git_info": {
    "commit": "6aff36fe7021ac8937277ed5ad6eb8331f2a4346",
    "commit_short": "6aff36fe",
    "branch": "main"
  },
  "notes": "Phase 19統合・15特徴量最適化・特徴量定義一元化対応"
}