{
  "created_at": "2026-02-26T19:28:17.631220",
  "model_type": "ProductionEnsemble",
  "model_file": "models/production/ensemble_basic.pkl",
  "version": "1.0.0",
  "phase": "Phase 50.9",
  "status": "production_ready",
  "feature_names": [
    "close",
    "volume",
    "rsi_14",
    "macd",
    "macd_signal",
    "macd_histogram",
    "stoch_k",
    "stoch_d",
    "atr_14",
    "bb_upper",
    "bb_lower",
    "bb_position",
    "atr_ratio",
    "ema_20",
    "ema_50",
    "volume_ratio",
    "volume_ema",
    "donchian_high_20",
    "donchian_low_20",
    "channel_position",
    "adx_14",
    "plus_di_14",
    "minus_di_14",
    "close_lag_1",
    "close_lag_2",
    "close_lag_3",
    "close_lag_10",
    "volume_lag_1",
    "volume_lag_2",
    "volume_lag_3",
    "rsi_lag_1",
    "macd_lag_1",
    "close_ma_10",
    "close_ma_20",
    "close_std_5",
    "close_std_10",
    "close_std_20",
    "rsi_x_atr",
    "macd_x_volume",
    "bb_position_x_volume_ratio",
    "close_x_atr",
    "volume_x_bb_position",
    "hour",
    "day_of_week",
    "is_market_open_hour",
    "is_europe_session",
    "hour_cos",
    "day_sin",
    "day_cos"
  ],
  "individual_models": [
    "lightgbm",
    "xgboost",
    "random_forest"
  ],
  "model_weights": {
    "lightgbm": 0.4,
    "xgboost": 0.4,
    "random_forest": 0.2
  },
  "performance_metrics": {
    "lightgbm": {
      "accuracy": 0.48983050847457626,
      "f1_score": 0.47100354092806,
      "precision": 0.4692879892511732,
      "recall": 0.48983050847457626,
      "cv_f1_mean": 0.3860203210443275,
      "cv_f1_std": 0.05661181583873308
    },
    "xgboost": {
      "accuracy": 0.4830508474576271,
      "f1_score": 0.4596394975906649,
      "precision": 0.45921941352471024,
      "recall": 0.4830508474576271,
      "cv_f1_mean": 0.37068586852865815,
      "cv_f1_std": 0.06274859726560784
    },
    "random_forest": {
      "accuracy": 0.488135593220339,
      "f1_score": 0.463011242572789,
      "precision": 0.46652154549839675,
      "recall": 0.488135593220339,
      "cv_f1_mean": 0.3809534432202755,
      "cv_f1_std": 0.07184826444687606
    }
  },
  "training_info": {
    "samples": 11793,
    "feature_count": 49,
    "training_duration_seconds": 0,
    "class_distribution": {
      "sell": 0.3357076231662851,
      "hold": 0.32086831171033664,
      "buy": 0.34342406512337825
    }
  },
  "git_info": {
    "commit": "717740ea92348993adb141e23d51c242583c56cb",
    "commit_short": "717740ea",
    "branch": "main"
  },
  "notes": "Phase 50.9完了・外部API完全削除・62特徴量固定システム・2段階Graceful Degradation・シンプル設計回帰・TimeSeriesSplit n_splits=5・Early Stopping・SMOTE・Optuna最適化"
}