{
  "created_at": "2026-02-27T07:51:12.604575",
  "model_type": "ProductionEnsemble",
  "model_file": "models/production/ensemble_basic.pkl",
  "version": "1.0.0",
  "phase": "Phase 50.9",
  "status": "production_ready",
  "feature_names": [
    "close",
    "volume",
    "rsi_14",
    "macd",
    "macd_signal",
    "macd_histogram",
    "stoch_k",
    "stoch_d",
    "atr_14",
    "bb_upper",
    "bb_lower",
    "bb_position",
    "atr_ratio",
    "ema_20",
    "ema_50",
    "volume_ratio",
    "volume_ema",
    "donchian_high_20",
    "donchian_low_20",
    "channel_position",
    "adx_14",
    "plus_di_14",
    "minus_di_14",
    "close_lag_1",
    "close_lag_2",
    "close_lag_3",
    "close_lag_10",
    "volume_lag_1",
    "volume_lag_2",
    "volume_lag_3",
    "rsi_lag_1",
    "macd_lag_1",
    "close_ma_10",
    "close_ma_20",
    "close_std_5",
    "close_std_10",
    "close_std_20",
    "rsi_x_atr",
    "macd_x_volume",
    "bb_position_x_volume_ratio",
    "close_x_atr",
    "volume_x_bb_position",
    "hour",
    "day_of_week",
    "is_market_open_hour",
    "is_europe_session",
    "hour_cos",
    "day_sin",
    "day_cos"
  ],
  "individual_models": [
    "lightgbm",
    "xgboost",
    "random_forest"
  ],
  "model_weights": {
    "lightgbm": 0.4,
    "xgboost": 0.4,
    "random_forest": 0.2
  },
  "performance_metrics": {
    "lightgbm": {
      "accuracy": 0.45255198487712667,
      "f1_score": 0.4495878215877792,
      "precision": 0.44753131914965305,
      "recall": 0.45255198487712667,
      "cv_f1_mean": 0.42008779522117495,
      "cv_f1_std": 0.018851137191694768
    },
    "xgboost": {
      "accuracy": 0.43440453686200375,
      "f1_score": 0.4368679025720322,
      "precision": 0.4427680174076046,
      "recall": 0.43440453686200375,
      "cv_f1_mean": 0.4071064621839223,
      "cv_f1_std": 0.01846951591678404
    },
    "random_forest": {
      "accuracy": 0.45217391304347826,
      "f1_score": 0.4483927354624801,
      "precision": 0.447334889764655,
      "recall": 0.45217391304347826,
      "cv_f1_mean": 0.42201779182845306,
      "cv_f1_std": 0.01982569546079469
    }
  },
  "training_info": {
    "samples": 17628,
    "feature_count": 49,
    "training_duration_seconds": 0,
    "class_distribution": {
      "sell": 0.32890855457227136,
      "hold": 0.3339006126616746,
      "buy": 0.337190832766054
    }
  },
  "git_info": {
    "commit": "74092c900147af0b8f62bcefdb1fbae77131af82",
    "commit_short": "74092c90",
    "branch": "main"
  },
  "notes": "Phase 50.9完了・外部API完全削除・62特徴量固定システム・2段階Graceful Degradation・シンプル設計回帰・TimeSeriesSplit n_splits=5・Early Stopping・SMOTE・Optuna最適化"
}