{
  "created_at": "2026-04-16T06:11:15.471859",
  "model_type": "ProductionEnsemble",
  "model_file": "models/production/ensemble_full.pkl",
  "version": "1.0.0",
  "phase": "Phase 50.9",
  "status": "production_ready",
  "feature_names": [
    "close",
    "volume",
    "rsi_14",
    "macd",
    "atr_14",
    "bb_position",
    "ema_20",
    "ema_50",
    "volume_ratio",
    "volume_ema",
    "channel_position",
    "adx_14",
    "plus_di_14",
    "minus_di_14",
    "returns_1",
    "returns_2",
    "returns_3",
    "returns_10",
    "volume_lag_1",
    "volume_lag_2",
    "volume_lag_3",
    "rsi_lag_1",
    "macd_lag_1",
    "close_ma_10",
    "close_ma_20",
    "close_std_5",
    "close_std_10",
    "close_std_20",
    "rsi_x_atr",
    "macd_x_volume",
    "bb_position_x_volume_ratio",
    "close_x_atr",
    "volume_x_bb_position",
    "hour",
    "day_of_week",
    "hour_cos",
    "day_sin"
  ],
  "individual_models": [
    "lightgbm",
    "xgboost",
    "random_forest"
  ],
  "model_weights": {
    "lightgbm": 0.4,
    "xgboost": 0.4,
    "random_forest": 0.2
  },
  "performance_metrics": {
    "lightgbm": {
      "accuracy": 0.5526115135341212,
      "f1_score": 0.5578779323043378,
      "precision": 0.5791529399331911,
      "recall": 0.5526115135341212,
      "cv_f1_mean": 0.5326389623947353,
      "cv_f1_std": 0.03157011155374248,
      "confidence_mean": 0.5752062546009892,
      "confidence_std": 0.0778880838366607,
      "confidence_min": 0.5000085865817572,
      "confidence_max": 0.8838711938387914
    },
    "xgboost": {
      "accuracy": 0.5303088067098742,
      "f1_score": 0.5326407632096734,
      "precision": 0.5750423381970502,
      "recall": 0.5303088067098742,
      "cv_f1_mean": 0.5067611030014341,
      "cv_f1_std": 0.05619457353431355,
      "confidence_mean": 0.6640803813934326,
      "confidence_std": 0.11142714321613312,
      "confidence_min": 0.5000276565551758,
      "confidence_max": 0.9901633262634277
    },
    "random_forest": {
      "accuracy": 0.5219214639725506,
      "f1_score": 0.5135240868728896,
      "precision": 0.5955629733893105,
      "recall": 0.5219214639725506,
      "cv_f1_mean": 0.5052776356029953,
      "cv_f1_std": 0.08154787475705338,
      "confidence_mean": 0.6075212874383985,
      "confidence_std": 0.07144744507606539,
      "confidence_min": 0.5000486223477053,
      "confidence_max": 0.898633500205683
    }
  },
  "training_info": {
    "samples": 34970,
    "feature_count": 37,
    "training_duration_seconds": 0,
    "class_distribution": {
      "success": 0.39416642836717186,
      "failure": 0.6058335716328281
    },
    "n_classes": 2,
    "optimal_threshold": 0.5
  },
  "git_info": {
    "commit": "fd4163434377c4d82100b704fa2ed5d6acdb287f",
    "commit_short": "fd416343",
    "branch": "main"
  },
  "notes": "Phase 50.9完了・外部API完全削除・62特徴量固定システム・2段階Graceful Degradation・シンプル設計回帰・TimeSeriesSplit n_splits=5・Early Stopping・SMOTE・Optuna最適化"
}