{
  "created_at": "2026-03-31T04:17:01.909517",
  "n_trials": 30,
  "models": {
    "lightgbm": {
      "best_params": {
        "learning_rate": 0.120809463347311,
        "max_depth": 10,
        "n_estimators": 120,
        "num_leaves": 94,
        "reg_alpha": 1.2683772725478168,
        "reg_lambda": 1.1285777081957562,
        "feature_fraction": 0.8615426831693717,
        "bagging_fraction": 0.7960239524600667
      },
      "best_score": 0.5407585814306844,
      "n_trials": 30
    },
    "xgboost": {
      "best_params": {
        "learning_rate": 0.010368610646402598,
        "max_depth": 12,
        "n_estimators": 119,
        "min_child_weight": 7,
        "xgb_reg_alpha": 0.09936871842770725,
        "xgb_reg_lambda": 3.3697722928952967,
        "subsample": 0.6847739866114739,
        "colsample_bytree": 0.8006240213367635
      },
      "best_score": 0.5523440795957062,
      "n_trials": 30
    },
    "random_forest": {
      "best_params": {
        "n_estimators": 113,
        "max_depth": 12,
        "min_samples_split": 20,
        "min_samples_leaf": 9
      },
      "best_score": 0.5348338386698627,
      "n_trials": 30
    }
  }
}