{
  "created_at": "2026-03-19T06:47:03.891927",
  "n_trials": 20,
  "models": {
    "lightgbm": {
      "best_params": {
        "learning_rate": 0.18924434973569604,
        "max_depth": 7,
        "n_estimators": 165,
        "num_leaves": 100
      },
      "best_score": 0.6604955753344778,
      "n_trials": 20
    },
    "xgboost": {
      "best_params": {
        "learning_rate": 0.07500118950416987,
        "max_depth": 3,
        "n_estimators": 202,
        "min_child_weight": 2
      },
      "best_score": 0.6635739401432633,
      "n_trials": 20
    },
    "random_forest": {
      "best_params": {
        "n_estimators": 253,
        "max_depth": 16,
        "min_samples_split": 12
      },
      "best_score": 0.6615559330335548,
      "n_trials": 20
    }
  }
}