{
  "created_at": "2026-05-08T07:49:36.572445",
  "n_trials": 50,
  "models": {
    "lightgbm": {
      "best_params": {
        "learning_rate": 0.29902804003065214,
        "max_depth": 13,
        "n_estimators": 260,
        "num_leaves": 57,
        "reg_alpha": 0.2611956170165578,
        "reg_lambda": 0.13752677777660177,
        "feature_fraction": 0.8488718753497699,
        "bagging_fraction": 0.7663359362157866
      },
      "best_score": 0.5599271809847711,
      "n_trials": 50
    },
    "xgboost": {
      "best_params": {
        "learning_rate": 0.08182387974350809,
        "max_depth": 14,
        "n_estimators": 216,
        "min_child_weight": 1,
        "xgb_reg_alpha": 0.4626011777772376,
        "xgb_reg_lambda": 3.19626034020815,
        "subsample": 0.6678237540231452,
        "colsample_bytree": 0.8634358001550331
      },
      "best_score": 0.5624435439411499,
      "n_trials": 50
    },
    "random_forest": {
      "best_params": {
        "n_estimators": 206,
        "max_depth": 12,
        "min_samples_split": 7,
        "min_samples_leaf": 2
      },
      "best_score": 0.5324069507106667,
      "n_trials": 50
    }
  }
}