{
  "created_at": "2026-03-31T04:01:44.785921",
  "n_trials": 30,
  "models": {
    "lightgbm": {
      "best_params": {
        "learning_rate": 0.125879335636804,
        "max_depth": 15,
        "n_estimators": 139,
        "num_leaves": 96,
        "reg_alpha": 5.829989478026363,
        "reg_lambda": 0.11922268341623424,
        "feature_fraction": 0.5271281071050484,
        "bagging_fraction": 0.6878870615056237
      },
      "best_score": 0.5403164395787521,
      "n_trials": 30
    },
    "xgboost": {
      "best_params": {
        "learning_rate": 0.015144860262751412,
        "max_depth": 9,
        "n_estimators": 58,
        "min_child_weight": 10,
        "xgb_reg_alpha": 0.059750279999602945,
        "xgb_reg_lambda": 2.113705944064573,
        "subsample": 0.6246844304357644,
        "colsample_bytree": 0.7080272084711243
      },
      "best_score": 0.5525303370903293,
      "n_trials": 30
    },
    "random_forest": {
      "best_params": {
        "n_estimators": 175,
        "max_depth": 12,
        "min_samples_split": 15,
        "min_samples_leaf": 7
      },
      "best_score": 0.5328952654150826,
      "n_trials": 30
    }
  }
}