{
  "created_at": "2025-10-28T07:36:58.384906",
  "n_trials": 50,
  "models": {
    "lightgbm": {
      "best_params": {
        "learning_rate": 0.06898690355976732,
        "max_depth": 4,
        "n_estimators": 260,
        "num_leaves": 37
      },
      "best_score": 0.5583493881081244,
      "n_trials": 50
    },
    "xgboost": {
      "best_params": {
        "learning_rate": 0.014109716874526371,
        "max_depth": 8,
        "n_estimators": 116,
        "min_child_weight": 9
      },
      "best_score": 0.5884938070074305,
      "n_trials": 50
    },
    "random_forest": {
      "best_params": {
        "n_estimators": 201,
        "max_depth": 7,
        "min_samples_split": 4
      },
      "best_score": 0.5820902384119314,
      "n_trials": 50
    }
  }
}