{
  "created_at": "2026-01-17T06:25:06.762524",
  "n_trials": 30,
  "models": {
    "lightgbm": {
      "best_params": {
        "learning_rate": 0.02203225678150423,
        "max_depth": 9,
        "n_estimators": 74,
        "num_leaves": 85
      },
      "best_score": 0.3868624849768336,
      "n_trials": 30
    },
    "xgboost": {
      "best_params": {
        "learning_rate": 0.012476394272569451,
        "max_depth": 15,
        "n_estimators": 292,
        "min_child_weight": 9
      },
      "best_score": 0.38743146202041673,
      "n_trials": 30
    },
    "random_forest": {
      "best_params": {
        "n_estimators": 133,
        "max_depth": 6,
        "min_samples_split": 17
      },
      "best_score": 0.37911995429921547,
      "n_trials": 30
    }
  }
}