{
  "created_at": "2026-05-17T12:26:07.369054",
  "n_trials": 50,
  "models": {
    "lightgbm": {
      "best_params": {
        "learning_rate": 0.06437365141272985,
        "max_depth": 5,
        "n_estimators": 284,
        "num_leaves": 72,
        "reg_alpha": 4.2405975825051865,
        "reg_lambda": 5.182354277539891,
        "feature_fraction": 0.773019045165359,
        "bagging_fraction": 0.8709038204181571
      },
      "best_score": 0.554031891233251,
      "n_trials": 50,
      "completed_trials": 50,
      "elapsed_seconds": 170.3
    },
    "xgboost": {
      "best_params": {
        "learning_rate": 0.01992931860330132,
        "max_depth": 12,
        "n_estimators": 61,
        "min_child_weight": 1,
        "xgb_reg_alpha": 0.014230760214850776,
        "xgb_reg_lambda": 2.8950167702361003,
        "subsample": 0.5751812655162202,
        "colsample_bytree": 0.723896855132524
      },
      "best_score": 0.5663389209313173,
      "n_trials": 50,
      "completed_trials": 50,
      "elapsed_seconds": 243.1
    },
    "random_forest": {
      "best_params": {
        "n_estimators": 240,
        "max_depth": 9,
        "min_samples_split": 12,
        "min_samples_leaf": 2
      },
      "best_score": 0.564805030229761,
      "n_trials": 50,
      "completed_trials": 50,
      "elapsed_seconds": 345.5
    }
  }
}