{
  "created_at": "2026-03-20T05:59:54.799293",
  "n_trials": 20,
  "models": {
    "lightgbm": {
      "best_params": {
        "learning_rate": 0.01700037298921102,
        "max_depth": 5,
        "n_estimators": 64,
        "num_leaves": 90
      },
      "best_score": 0.41470537517166584,
      "n_trials": 20
    },
    "xgboost": {
      "best_params": {
        "learning_rate": 0.010894930313122731,
        "max_depth": 10,
        "n_estimators": 261,
        "min_child_weight": 4
      },
      "best_score": 0.4078736200444945,
      "n_trials": 20
    },
    "random_forest": {
      "best_params": {
        "n_estimators": 164,
        "max_depth": 11,
        "min_samples_split": 7
      },
      "best_score": 0.41598460405326126,
      "n_trials": 20
    }
  }
}