{
  "created_at": "2026-01-22T19:03:35.351384",
  "n_trials": 50,
  "models": {
    "lightgbm": {
      "best_params": {
        "learning_rate": 0.010145303038362544,
        "max_depth": 3,
        "n_estimators": 61,
        "num_leaves": 42
      },
      "best_score": 0.41157720609423537,
      "n_trials": 50
    },
    "xgboost": {
      "best_params": {
        "learning_rate": 0.020728246342279356,
        "max_depth": 12,
        "n_estimators": 121,
        "min_child_weight": 8
      },
      "best_score": 0.399593638480052,
      "n_trials": 50
    },
    "random_forest": {
      "best_params": {
        "n_estimators": 50,
        "max_depth": 5,
        "min_samples_split": 10
      },
      "best_score": 0.399355921650369,
      "n_trials": 50
    }
  }
}