{
  "created_at": "2026-03-20T06:10:24.942001",
  "n_trials": 20,
  "models": {
    "lightgbm": {
      "best_params": {
        "learning_rate": 0.028180680291847244,
        "max_depth": 4,
        "n_estimators": 221,
        "num_leaves": 55
      },
      "best_score": 0.4155004536385008,
      "n_trials": 20
    },
    "xgboost": {
      "best_params": {
        "learning_rate": 0.03574712922600244,
        "max_depth": 15,
        "n_estimators": 233,
        "min_child_weight": 6
      },
      "best_score": 0.4082658128818446,
      "n_trials": 20
    },
    "random_forest": {
      "best_params": {
        "n_estimators": 186,
        "max_depth": 9,
        "min_samples_split": 13
      },
      "best_score": 0.42068344541312497,
      "n_trials": 20
    }
  }
}