{
  "created_at": "2025-12-23T08:59:27.686171",
  "n_trials": 30,
  "models": {
    "lightgbm": {
      "best_params": {
        "learning_rate": 0.01700037298921102,
        "max_depth": 5,
        "n_estimators": 64,
        "num_leaves": 90
      },
      "best_score": 0.4261548985337498,
      "n_trials": 30
    },
    "xgboost": {
      "best_params": {
        "learning_rate": 0.028180680291847244,
        "max_depth": 4,
        "n_estimators": 221,
        "min_child_weight": 5
      },
      "best_score": 0.4176893325817927,
      "n_trials": 30
    },
    "random_forest": {
      "best_params": {
        "n_estimators": 186,
        "max_depth": 11,
        "min_samples_split": 4
      },
      "best_score": 0.42265861604149874,
      "n_trials": 30
    }
  }
}