{
  "created_at": "2025-10-20T06:35:28.434148",
  "n_trials": 50,
  "models": {
    "lightgbm": {
      "best_params": {
        "learning_rate": 0.03920436828145087,
        "max_depth": 11,
        "n_estimators": 252,
        "num_leaves": 70
      },
      "best_score": 0.508450608295291,
      "n_trials": 50
    },
    "xgboost": {
      "best_params": {
        "learning_rate": 0.012837456137414476,
        "max_depth": 11,
        "n_estimators": 271,
        "min_child_weight": 9
      },
      "best_score": 0.5486885744418037,
      "n_trials": 50
    },
    "random_forest": {
      "best_params": {
        "n_estimators": 205,
        "max_depth": 11,
        "min_samples_split": 7
      },
      "best_score": 0.5728836797141016,
      "n_trials": 50
    }
  }
}