{
  "created_at": "2026-02-27T07:27:06.209820",
  "n_trials": 50,
  "models": {
    "lightgbm": {
      "best_params": {
        "learning_rate": 0.02668538040504626,
        "max_depth": 5,
        "n_estimators": 227,
        "num_leaves": 64
      },
      "best_score": 0.41680843663748335,
      "n_trials": 50
    },
    "xgboost": {
      "best_params": {
        "learning_rate": 0.013358834992145359,
        "max_depth": 14,
        "n_estimators": 282,
        "min_child_weight": 4
      },
      "best_score": 0.4091616217727652,
      "n_trials": 50
    },
    "random_forest": {
      "best_params": {
        "n_estimators": 158,
        "max_depth": 9,
        "min_samples_split": 13
      },
      "best_score": 0.4225258659887608,
      "n_trials": 50
    }
  }
}