{
  "created_at": "2026-03-27T07:16:38.726052",
  "n_trials": 30,
  "models": {
    "lightgbm": {
      "best_params": {
        "learning_rate": 0.026137730255647643,
        "max_depth": 4,
        "n_estimators": 190,
        "num_leaves": 41
      },
      "best_score": 0.41886185535101816,
      "n_trials": 30
    },
    "xgboost": {
      "best_params": {
        "learning_rate": 0.020787481556151625,
        "max_depth": 8,
        "n_estimators": 236,
        "min_child_weight": 4
      },
      "best_score": 0.4140789608461368,
      "n_trials": 30
    },
    "random_forest": {
      "best_params": {
        "n_estimators": 220,
        "max_depth": 7,
        "min_samples_split": 4
      },
      "best_score": 0.41978184640189203,
      "n_trials": 30
    }
  }
}