{
  "created_at": "2026-02-26T19:16:27.456266",
  "n_trials": 50,
  "models": {
    "lightgbm": {
      "best_params": {
        "learning_rate": 0.03888719446770967,
        "max_depth": 4,
        "n_estimators": 73,
        "num_leaves": 69
      },
      "best_score": 0.40060614905495484,
      "n_trials": 50
    },
    "xgboost": {
      "best_params": {
        "learning_rate": 0.012837456137414476,
        "max_depth": 4,
        "n_estimators": 73,
        "min_child_weight": 3
      },
      "best_score": 0.40305087341182594,
      "n_trials": 50
    },
    "random_forest": {
      "best_params": {
        "n_estimators": 281,
        "max_depth": 6,
        "min_samples_split": 14
      },
      "best_score": 0.3960057833929667,
      "n_trials": 50
    }
  }
}