{
  "created_at": "2026-03-28T06:53:35.082636",
  "n_trials": 30,
  "models": {
    "lightgbm": {
      "best_params": {
        "learning_rate": 0.28495472620539525,
        "max_depth": 11,
        "n_estimators": 109,
        "num_leaves": 87
      },
      "best_score": 0.5867730748363224,
      "n_trials": 30
    },
    "xgboost": {
      "best_params": {
        "learning_rate": 0.1819655080893879,
        "max_depth": 10,
        "n_estimators": 159,
        "min_child_weight": 1
      },
      "best_score": 0.5844125531926271,
      "n_trials": 30
    },
    "random_forest": {
      "best_params": {
        "n_estimators": 208,
        "max_depth": 16,
        "min_samples_split": 19
      },
      "best_score": 0.592303046292025,
      "n_trials": 30
    }
  }
}