{
  "created_at": "2026-04-24T05:00:37.230298",
  "n_trials": 50,
  "models": {
    "lightgbm": {
      "best_params": {
        "learning_rate": 0.02466643115765464,
        "max_depth": 8,
        "n_estimators": 50,
        "num_leaves": 97,
        "reg_alpha": 0.3934327953892573,
        "reg_lambda": 0.04745278355827382,
        "feature_fraction": 0.7767679257799672,
        "bagging_fraction": 0.672584371009072
      },
      "best_score": 0.6404407207753864,
      "n_trials": 50
    },
    "xgboost": {
      "best_params": {
        "learning_rate": 0.023238160952885466,
        "max_depth": 7,
        "n_estimators": 190,
        "min_child_weight": 4,
        "xgb_reg_alpha": 0.09217589866652795,
        "xgb_reg_lambda": 2.1184644638272596,
        "subsample": 0.6278058679175968,
        "colsample_bytree": 0.7048810810969393
      },
      "best_score": 0.636152529611496,
      "n_trials": 50
    },
    "random_forest": {
      "best_params": {
        "n_estimators": 260,
        "max_depth": 6,
        "min_samples_split": 2,
        "min_samples_leaf": 2
      },
      "best_score": 0.6407376467494604,
      "n_trials": 50
    }
  }
}