{
  "created_at": "2026-05-08T19:46:17.451603",
  "model_type": "ProductionEnsemble",
  "model_file": "models/production/ensemble_full.pkl",
  "version": "1.0.0",
  "phase": "Phase 50.9",
  "status": "production_ready",
  "feature_names": [
    "close",
    "volume",
    "rsi_14",
    "macd",
    "atr_14",
    "bb_position",
    "ema_20",
    "ema_50",
    "volume_ratio",
    "volume_ema",
    "channel_position",
    "adx_14",
    "plus_di_14",
    "minus_di_14",
    "returns_1",
    "returns_2",
    "returns_3",
    "returns_10",
    "volume_lag_1",
    "volume_lag_2",
    "volume_lag_3",
    "rsi_lag_1",
    "macd_lag_1",
    "close_ma_10",
    "close_ma_20",
    "close_std_5",
    "close_std_10",
    "close_std_20",
    "rsi_x_atr",
    "macd_x_volume",
    "bb_position_x_volume_ratio",
    "close_x_atr",
    "volume_x_bb_position",
    "hour",
    "day_of_week",
    "hour_cos",
    "day_sin"
  ],
  "individual_models": [
    "lightgbm",
    "xgboost",
    "random_forest"
  ],
  "model_weights": {
    "lightgbm": 0.4,
    "xgboost": 0.4,
    "random_forest": 0.2
  },
  "performance_metrics": {
    "lightgbm": {
      "accuracy": 0.5852359208523592,
      "f1_score": 0.5577535639402766,
      "precision": 0.5504128618250669,
      "recall": 0.5852359208523592,
      "cv_f1_mean": 0.6123107627646116,
      "cv_f1_std": 0.03231860583212206,
      "confidence_mean": 0.5971558355913338,
      "confidence_std": 0.08202293050044289,
      "confidence_min": 0.5001272997638182,
      "confidence_max": 0.8874407949199078
    },
    "xgboost": {
      "accuracy": 0.523972602739726,
      "f1_score": 0.5326866056549402,
      "precision": 0.552410516219788,
      "recall": 0.523972602739726,
      "cv_f1_mean": 0.583207311343486,
      "cv_f1_std": 0.06014464427119842,
      "confidence_mean": 0.7436047196388245,
      "confidence_std": 0.14424781501293182,
      "confidence_min": 0.50003981590271,
      "confidence_max": 0.9990203380584717
    },
    "random_forest": {
      "accuracy": 0.502283105022831,
      "f1_score": 0.4973989446151023,
      "precision": 0.5979946429746428,
      "recall": 0.502283105022831,
      "cv_f1_mean": 0.551779075608553,
      "cv_f1_std": 0.07533114180626363,
      "confidence_mean": 0.6111889011268904,
      "confidence_std": 0.07232998055073009,
      "confidence_min": 0.5000010334573274,
      "confidence_max": 0.9283002915551442
    }
  },
  "training_info": {
    "samples": 35036,
    "feature_count": 37,
    "training_duration_seconds": 0,
    "class_distribution": {
      "success": 0.31441945427560225,
      "failure": 0.6855805457243977
    },
    "n_classes": 2,
    "optimal_threshold": 0.5
  },
  "git_info": {
    "commit": "153c156a1282b17ba2c20d134c18bbba19ce98c2",
    "commit_short": "153c156a",
    "branch": "main"
  },
  "notes": "Phase 50.9完了・外部API完全削除・62特徴量固定システム・2段階Graceful Degradation・シンプル設計回帰・TimeSeriesSplit n_splits=5・Early Stopping・SMOTE・Optuna最適化"
}